DISCTAG,length,sex
3DD003BF8597B,147,F
3DD003BF858BA,131,F
3DD003BF85890,177,F
3DD003BF8588C,97,F
3DD003BF85885,136,F
3DD003BF85874,105,F
3DD003BC9A9A6,149,F
3D61D599B3E2A,91,F
3D61534C51AE7,84,F
3D61534C51AE6,78.5,F
3D61534C51AE5,50.5,F
3D61534C51AE4,88,F
3D61534C51AE3,84,F
3D61534C51AE1,86,F
3D61534C51AE0,130,F
3D61534C51ADF,57,F
3D61534C51ADE,122,F
3D61534C51ADD,132,F
3D61534C51ADC,79,F
3D61534C51ADB,190,F
3D61534C51ADA,118,F
3D61534C51AD9,84.5,F
3D61534C51AD8,91.5,F
3D61534C51AD7,148.5,F
3D61534C51AD6,92.5,F
3D61534C51AD5,94,F
3D61534C51AD4,104.5,F
3D61534C51AD3,104.5,F
3D61534C51AD2,131,F
3D61534C51AD1,141,F
3D61534C51AD0,82.5,F
3D61534C51ACF,139,F
3D61534C51ACD,114.5,F
3D61534C51ACC,139,F
3D61534C51ACB,98,F
3D61534C51ACA,94.5,F
3D61534C51AC9,101,F
3D61534C51AC8,85,F
3D61534C51AC6,118,F
3D61534C51AC5,58,F
3D61534C51AC4,93,F
3D61534C51AC3,141.5,F
3D61534C51AC2,93,F
3D61534C51AC1,109.5,F
3D61534C51ABF,106,F
3D61534C51ABE,99,F
3D61534C51ABD,154.5,F
3D61534C51ABC,88,F
3D61534C51ABB,99.5,F
3D61534C51ABA,181.5,F
3D61534C51AB9,137,F
3D61534C51AB8,78,F
3D61534C51AB7,92.5,F
3D61534C51AB6,103,F
3D61534C51AB5,117,F
3D61534C51AB4,152,F
3D61534C51AB3,107,F
3D61534C51AB2,93.5,F
3D61534C51AB1,103.5,F
3D61534C51AB0,117,F
3D61534C51AAF,86,F
3D61534C51AAE,137,F
3D61534C51AAD,106.5,F
3D61534C51AAC,76,F
3D61534C51AAB,95.5,F
3D61534C51AAA,113,F
3D61534C51AA9,160,F
3D61534C51AA8,55.5,F
3D61534C51AA7,96,F
3D61534C51AA6,147,F
3D61534C51AA5,89.5,F
3D61534C51AA4,118,F
3D61534C51AA3,157,F
3D61534C51AA2,99,F
3D61534C51AA1,143,F
3D61534C51AA0,167,F
3D61534C51A9F,120.5,F
3D61534C51A9E,119,F
3D61534C51A9D,106.5,F
3D61534C51A9C,56,F
3D61534C51A9B,105.5,F
3D61534C51A9A,85.5,F
3D61534C51A99,134.5,F
3D61534C51A98,120,F
3D61534C51A97,93,F
3D61534C51A96,152,F
3D61534C51A95,58,F
3D61534C51A94,80,F
3D61534C51A93,160,F
3D61534C51A92,51,F
3D61534C51A91,77.5,F
3D61534C51A90,143,F
3D61534C51A8F,100,F
3D61534C51A8E,77,F
3D61534C51A8D,175,F
3D61534C51A8B,95,F
3D61534C51A8A,80,F
3D61534C51A89,153,F
3D61534C51A88,125,F
3D61534C51A87,210,F
3D61534C51A86,109.5,F
3D61534C51A85,131,F
3D61534C51A83,163,F
3D61534C51A82,101,F
3D61534C51A81,61,F
3D61534C51A80,113,F
3D61534C51A7F,92,F
3D61534C518EE,185,F
3D61534C518ED,138,F
3D61534C518EC,102,F
3D61534C518EB,134,F
3D61534C518EA,154,F
3D61534C518E9,134,F
3D61534C518E8,106,F
3D61534C518E7,94.5,F
3D61534C518E6,57,F
3D61534C518E5,108.5,F
3D61534C518E4,176,F
3D61534C518E3,108,F
3D61534C518E2,100,F
3D61534C518E1,127,F
3D61534C518E0,115,F
3D61534C518DF,102,F
3D61534C518DE,109,F
3D61534C518DD,90,F
3D61534C518DC,93,F
3D61534C518DB,129,F
3D61534C518D9,138,F
3D61534C518D8,148,F
3D61534C518D7,93,F
3D61534C518D6,90,F
3D61534C518D5,129,F
3D61534C518D4,53,F
3D61534C518D3,83,F
3D61534C518D2,132,F
3D61534C518D1,131,F
3D61534C518D0,150,F
3D61534C518CF,58,F
3D61534C518CE,92,F
3D61534C518CD,99,F
3D61534C518CC,106.5,F
3D61534C518CB,82,F
3D61534C518CA,108,F
3D61534C518C9,86,F
3D61534C518C8,86,F
3D61534C518C7,103,F
3D61534C518C6,94,F
3D61534C518C5,126,F
3D61534C518C4,107,F
3D61534C518C3,55,F
3D61534C518C2,108,F
3D61534C518C1,86,F
3D61534C518C0,125,F
3D61534C518BF,100,F
3D61534C518BE,105,F
3D61534C518BD,97,F
3D61534C518BC,90,F
3D61534C518BB,153,F
3D61534C518BA,168,F
3D61534C518B9,138,F
3D61534C518B8,139.5,F
3D61534C518B7,61,F
3D61534C518B6,133,F
3D61534C518B5,51.5,F
3D61534C518B4,145,F
3D61534C518B3,141,F
3D61534C518B2,134,F
3D61534C518B1,102,F
3D61534C518B0,94,F
3D61534C518AF,87,F
3D61534C518AE,103,F
3D61534C518AD,87,F
3D61534C518AC,179,F
3D61534C518AB,79,F
3D61534C518AA,110.5,F
3D61534C518A9,100,F
3D61534C518A8,160,F
3D61534C518A7,78,F
3D61534C518A6,109,F
3D61534C518A5,96,F
3D61534C518A4,96,F
3D61534C518A3,102,F
3D61534C518A2,114,F
3D61534C518A1,117,F
3D61534C518A0,92,F
3D61534C5189F,112,F
3D61534C5189E,156,F
3D61534C5189D,166,F
3D61534C5189C,49,F
3D61534C5189B,113,F
3D61534C5189A,108,F
3D61534C51899,171,F
3D61534C51898,150,F
3D61534C51897,106,F
3D61534C51896,115,F
3D61534C51895,111,F
3D61534C51894,96,F
3D61534C51893,89.5,F
3D61534C51892,110,F
3D61534C51891,91,F
3D61534C51890,157,F
3D61534BAFA07,146,F
3D61534BAFA06,140,F
3D61534BAFA05,91,F
3D61534BAFA04,140.5,F
3D61534BAFA03,156,F
3D61534BAFA02,104,F
3D61534BAFA01,83,F
3D61534BAFA00,99,F
3D61534BAF9FF,105,F
3D61534BAF9FE,116.5,F
3D61534BAF9FD,135.5,F
3D61534BAF9FC,95.5,F
3D61534BAF9FB,140.5,F
3D61534BAF9FA,127,F
3D61534BAF9F9,111,F
3D61534BAF9F8,142,F
3D61534BAF9F7,139,F
3D61534BAF9F6,147,F
3D61534BAF9F5,144,F
3D61534BAF9F4,118.5,F
3D61534BAF9F3,108,F
3D61534BAF9F2,122,F
3D61534BAF9F1,77.5,F
3D61534BAF9F0,147.5,F
3D61534BAF9EF,105,F
3D61534BAF9EE,105,F
3D61534BAF9ED,74.5,F
3D61534BAF9EC,108,F
3D61534BAF9EB,143,F
3D61534BAF9EA,148.5,F
3D61534BAF9E9,100,F
3D61534BAF9E8,109.5,F
3D61534BAF9E7,91.5,F
3D61534BAF9E6,98,F
3D61534BAF9E5,122,F
3D61534BAF9E4,127.5,F
3D61534BAF9E3,139,F
3D61534BAF9E2,138,F
3D61534BAF9E1,83,F
3D61534BAF9E0,140,F
3D61534BAF9DF,94.5,F
3D61534BAF9DE,109.5,F
3D61534BAF9DD,141,F
3D61534BAF9DC,97.5,F
3D61534BAF9DB,91.5,F
3D61534BAF9DA,111,F
3D61534BAF9D9,139.5,F
3D61534BAF9D8,53.5,F
3D61534BAF9D7,84.5,F
3D61534BAF9D6,82.5,F
3D61534BAF9D5,97,F
3D61534BAF9D4,145,F
3D61534BAF9D3,144,F
3D61534BAF9D2,85.5,F
3D61534BAF9D1,99.5,F
3D61534BAF9D0,94,F
3D61534BAF9CF,143,F
3D61534BAF9CE,103,F
3D61534BAF9CD,92,F
3D61534BAF9CC,135,F
3D61534BAF9CB,82.5,F
3D61534BAF9CA,124,F
3D61534BAF9C9,142,F
3D61534BAF9C8,145.5,F
3D61534BAF9C7,84.5,F
3D61534BAF9C6,86,F
3D61534BAF9C5,98,F
3D61534BAF9C4,90,F
3D61534BAF9C3,127,F
3D61534BAF9C2,102.5,F
3D61534BAF9C1,133,F
3D61534BAF9C0,119.5,F
3D61534BAF9BF,98,F
3D61534BAF9BE,144,F
3D61534BAF9BD,148,F
3D61534BAF9BC,120,F
3D61534BAF9BB,104,F
3D61534BAF9BA,139,F
3D61534BAF9B9,83,F
3D61534BAF9B8,103,F
3D61534BAF9B7,92.5,F
3D61534BAF9B6,101,F
3D61534BAF9B5,81,F
3D61534BAF9B4,81,F
3D61534BAF9B3,111,F
3D61534BAF9B2,67.5,F
3D61534BAF9B1,55,F
3D61534BAF9B0,101.5,F
3D61534BAF9AF,93,F
3D61534BAF9AE,120.5,F
3D61534BAF9AD,158,F
3D61534BAF9AC,146,F
3D61534BAF9AB,104,F
3D61534BAF9AA,57.5,F
3D61534BAF9A9,139,F
3D61534BAF9A8,136.5,F
3D61534BAF9A7,136.5,F
3D61534BAF9A6,125,F
3D61534BAF9A5,132,F
3D61534BAF9A4,204,F
3D61534BAF9A3,187,F
3D61534BAF9A2,97,F
3D61534BAF9A1,59,F
3D61534BAF9A0,81,F
3D61534BAF99F,175,F
3D61534BAF99E,147,F
3D61534BAF99D,105,F
3D61534BAF99C,113,F
3D61534BAF99B,79,F
3D61534BAF99A,86,F
3D61534BAF999,95,F
3D61534BAF998,123.5,F
3D61534BAF996,163,F
3D61534BAF995,57.5,F
3D61534BAF994,100.5,F
3D61534BAF992,57,F
3D61534BAF990,132,F
3D61534BAF98E,94,F
3D61534BAF98D,85,F
3D61534BAF98C,106.5,F
3D61534BAF98B,92,F
3D61534BAF98A,101,F
3D61534BAF989,153.5,F
3D61534BAF988,88,F
3D61534BAF987,111,F
3D61534BAF986,60.5,F
3D61534BAF984,101,F
3D61534BAF983,109,F
3D61534BAF982,99,F
3D61534BAF981,136.5,F
3D61534BAF980,89,F
3D61534BAF97F,193,F
3D61534BAF97E,60,F
3D61534BAF97D,166.5,F
3D61534BAF97C,150,F
3D61534BAF97B,102,F
3D61534BAF97A,94,F
3D61534BAF979,137,F
3D61534BAF978,152,F
3D61534BAF977,95,F
3D61534BAF976,100,F
3D61534BAF975,157,F
3D61534BAF974,97.5,F
3D61534BAF973,98,F
3D61534BAF971,154,F
3D61534BAF970,92.5,F
3D61534BAF96F,101,F
3D61534BAF96E,139,F
3D61534BAF96D,158,F
3D61534BAF96C,119,F
3D61534BAF96B,108,F
3D61534BAF96A,98,F
3D61534BAF969,154,F
3D61534BAF968,108,F
3D61534BAF967,134,F
3D61534BAF966,56.5,F
3D61534BAF965,97.5,F
3D61534BAF964,101,F
3D61534BAF963,93,F
3D61534BAF962,97,F
3D61534BAF961,96,F
3D61534BAF960,149,F
3D61534BAF95D,123,F
3D61534BAF95C,87,F
3D61534BAF95B,162,F
3D61534BAF95A,72,F
3D61534BAF959,123.5,F
3D61534BAF958,111,F
3D61534BAF957,97,F
3D61534BAF956,60,F
3D61534BAF955,114,F
3D61534BAF954,98,F
3D61534BAF953,62,F
3D61534BAF952,136.5,F
3D61534BAF951,58,F
3D61534BAF950,57.5,F
3D61534BAF94F,90,F
3D61534BAF94E,120,F
3D61534BAF94D,129,F
3D61534BAF94A,59,F
3D61534BAF949,87.5,F
3D61534BAF948,107,F
3D61534BAF947,106.5,F
3D61534BAF946,105,F
3D61534BAF945,82,F
3D61534BAF944,127,F
3D61534BAF943,109,F
3D61534BAF942,122,F
3D61534BAF941,95.5,F
3D61534BAF940,92,F
3D61534BAF93F,101.5,F
3D61534BAF93E,82,F
3D61534BAF93D,111,F
3D61534BAF93C,78,F
3D61534BAF93B,173,F
3D61534BAF939,155,F
3D61534BAF938,167,F
3D61534BAF937,126.5,F
3D61534BAF936,155,F
3D61534BAF935,81,F
3D61534BAF934,117,F
3D61534BAF933,166,F
3D61534BAF932,155,F
3D61534BAF931,99,F
3D61534BAF930,99.5,F
3D61534BAF92F,114.5,F
3D61534BAF92E,102,F
3D61534BAF92D,116,F
3D61534BAF92C,94,F
3D61534BAF92B,102.5,F
3D61534BAF92A,100,F
3D61534BAF929,121,F
3D61534BAF928,101,F
3D61534BAF927,149.5,F
3D61534BAF926,93.5,F
3D61534BAF925,92,F
3D61534BAF924,151,F
3D61534BAF923,200,F
3D61534BAF922,83,F
3D61534BAF921,109,F
3D61534BAF920,58,F
3D61534BAF91F,102,F
3D61534BAF91E,177,F
3D61534BAF91D,103,F
3D61534BAF91C,93,F
3D61534BAF91B,164,F
3D61534BAF91A,94.5,F
3D61534BAF919,152,F
3D61534BAF918,99,F
3D61534BAF917,90,F
3D61534BAF916,80,F
3D61534BAF915,83.5,F
3D61534BAF914,150,F
3D61534BAF913,113,F
3D61534BAF912,83,F
3D61534BAF911,176,F
3D61534BAF910,96,F
3D61534BAF90F,191,F
3D61534BAF90E,110,F
3D61534BAF90D,146,F
3D61534BAF90C,170,F
3D61534BAF90B,171.5,F
3D61534BAF90A,116,F
3D61534BAF909,95,F
3D61534BAF908,155,F
3D61534BAF906,96,F
3D61534BAF905,210,F
3D61534BAF904,121,F
3D61534BAF903,82,F
3D61534BAF902,79,F
3D61534BAF901,94.5,F
3D61534BAF900,115,F
3D61534BAF8FF,113,F
3D61534BAF8FE,109,F
3D61534BAF8FD,146,F
3D61534BAF8FC,81,F
3D61534BAF8FB,118.5,F
3D61534BAF8FA,113.5,F
3D61534BAF8F9,138,F
3D61534BAF8F8,129,F
3D61534BAF8F6,105.5,F
3D61534BAF8F5,91,F
3D61534BAF8F4,103,F
3D61534BAF8F3,169,F
3D61534BAF8F2,100,F
3D61534BAF8F1,91,F
3D61534BAF8F0,137,F
3D61534BAF8EF,133,F
3D61534BAF8EE,67,F
3D61534BAF8ED,121.5,F
3D61534BAF8EC,77,F
3D61534BAF8EB,110,F
3D61534BAF8EA,92,F
3D61534BAF8E9,128,F
3D61534BAF8E8,112,F
3D61534BAF8E7,147.5,F
3D61534BAF8E6,92,F
3D61534BAF8E5,83,F
3D61534BAF8E4,139,F
3D61534BAF8E3,90,F
3D61534BAF8E2,51,F
3D61534BAF8E1,122,F
3D61534BAF8E0,120,F
3D61534BAF8DF,140,F
3D61534BAF8DE,144.5,F
3D61534BAF8DD,139,F
3D61534BAF8DC,83,F
3D61534BAF8CC,121.5,F
3D61534BAF876,91.5,F
3D61534BAF873,93,F
3D61534BAF872,141,F
3D61534BAF871,61.5,F
3D61534BAF870,127,F
3D61534BAF86F,115,F
3D61534BAF86A,104.5,F
3D61534BAF866,117,F
3D61534BAF863,61.5,F
3D61534BAF861,84,F
3D61534BAF85F,94,F
3D61534BAF858,155.5,F
3D61534BAF857,105,F
3D61534BAF854,87.5,F
3D61534BAF852,152,F
3D61534BAF84F,94,F
3D61534BAF84E,88.5,F
3D61534BAF84B,63.5,F
3D61534BAF84A,146,F
3D61534BAF849,87,F
3D61534BAF848,102,F
3D61534BAF847,93.5,F
3D61534BAF846,94,F
3D61534BAF842,100.5,F
3D61534BAF841,156,F
3D61534BAF840,103,F
3D61534BAF83F,187,F
3D61534BAF83E,87,F
3D61534BAF83D,120.5,F
3D61534BAF831,111,F
3D61534BAF82F,100,F
3D61534BAF82E,147,F
3D61534BAF82B,175,F
3D61534BAF827,159.5,F
3D61534BAF825,100,F
3D61534BAF823,101,F
3D61534BAF81A,51,F
3D61534BAF819,88,F
3D61534BAF818,107.5,F
3D61534BAF817,93.5,F
3D61534BAF816,93,F
3D61534BAF815,93,F
3D61534BAB096,105,F
3D61534BAB075,135,F
3D61534BAB074,147,F
3D61534BAB073,93,F
3D61534BAB072,132,F
3D61534BAB071,140,F
3D61534BAB070,98.5,F
3D61534BAB06F,153,F
3D61534BAB06E,114,F
3D61534BAB06D,103,F
3D61534BAB06C,149,F
3D61534BAB06B,95,F
3D61534BAB06A,126,F
3D61534BAB069,98,F
3D61534BAB068,208.5,F
3D61534BAB067,98,F
3D61534BAB066,99,F
3D61534BAB065,102,F
3D61534BAB064,90,F
3D61534BAB063,113,F
3D61534BAB062,79,F
3D61534BAB061,56,F
3D61534BAB060,127.5,F
3D61534BAB05F,106,F
3D61534BAB05E,150,F
3D61534BAB05D,92.5,F
3D61534BAB05C,57,F
3D61534BAB05B,138,F
3D61534BAB05A,131,F
3D61534BAB059,108,F
3D61534BAB058,144,F
3D61534BAB057,97,F
3D61534BAB056,111,F
3D61534BAB055,147,F
3D61534BAB054,144,F
3D61534BAB053,102.5,F
3D61534BAB052,202,F
3D61534BAB051,98,F
3D61534BAB050,117.5,F
3D61534BAB04F,94,F
3D61534BAB04E,55,F
3D61534BAB04D,126,F
3D61534BAB04C,128,F
3D61534BAB04B,84,F
3D61534BAB04A,109,F
3D61534BAB049,90.5,F
3D61534BAB048,99,F
3D61534BAB047,152.5,F
3D61534BAB046,117,F
3D61534BAB045,150,F
3D61534BAB044,120,F
3D61534BAB043,96,F
3D61534BAB042,94,F
3D61534BAB041,98,F
3D61534BAB040,101,F
3D61534BAB03F,95,F
3D61534BAB03E,120,F
3D61534BAB03D,102,F
3D61534BAB03C,173,F
3D61534BAB03B,110,F
3D61534BAB03A,155,F
3D61534BAB039,104.5,F
3D61534BAB038,154,F
3D61534BAB037,110,F
3D61534BAB036,52,F
3D61534BAB035,79,F
3D61534BAB034,132,F
3D61534BAB033,148,F
3D61534BAB032,123,F
3D61534BAB031,118,F
3D61534BAB030,129,F
3D61534BAB02F,106,F
3D61534BAB02E,116,F
3D61534BAB02D,102.5,F
3D61534BAB02C,172,F
3D61534BAB02B,188,F
3D61534BAB02A,88,F
3D61534BAB029,87,F
3D61534BAB028,98,F
3D61534BAB027,72,F
3D61534BAB026,112,F
3D61534BAB025,112,F
3D61534BAB024,78,F
3D61534BAB023,119,F
3D61534BAB022,82,F
3D61534BAB021,149,F
3D61534BAB020,99.5,F
3D61534BAB01F,127,F
3D61534BAB01D,53,F
3D61534BAB01C,99.5,F
3D61534BAB01B,80,F
3D61534BAB01A,89,F
3D61534BAB019,95.5,F
3D61534BAB017,56,F
3D61534BAB016,112,F
3D61534BAB015,80,F
3D61534BAB014,143,F
3D61534BAB012,105,F
3D61534BAAFAD,98,F
3D61534BAAFAC,82,F
3D61534BAAFAB,159,F
3D61534BAAFA9,106,F
3D61534BAAFA8,95,F
3D61534BAAFA7,92.5,F
3D61534BAAFA6,102,F
3D61534BAAFA5,154,F
3D61534BAAFA4,81,F
3D61534BAAFA3,56,F
3D61534BAAFA2,202,F
3D61534BAAFA1,144,F
3D61534BAAFA0,82,F
3D61534BAAF9F,170,F
3D61534BAAF9E,83,F
3D61534BAAF9D,87,F
3D61534BAAF9C,78.5,F
3D61534BAAF9B,142,F
3D61534BAAF9A,101,F
3D61534BAAF99,87,F
3D61534BAAF98,103,F
3D61534BAAF97,137,F
3D61534BAAF96,135,F
3D61534BAAF95,109,F
3D61534BAAF94,152,F
3D61534BAAF93,133,F
3D61534BAAF92,107.5,F
3D61534BAAF91,161,F
3D61534BAAF90,140,F
3D61534BAAF8F,178,F
3D61534BAAF8E,105,F
3D61534BAAF8D,114,F
3D61534BAAF8C,76,F
3D61534BAAF8B,90,F
3D61534BAAF8A,115,F
3D61534BAAF89,141,F
3D61534BAAF88,103,F
3D61534BAAF87,90,F
3D61534BAAF86,89,F
3D61534BAAF85,156,F
3D61534BAAF84,112,F
3D61534BAAF83,98,F
3D61534BAAF82,107,F
3D61534BAAF81,116,F
3D61534BAAF80,117,F
3D61534BAAF7F,156,F
3D61534BAAF7E,92,F
3D61534BAAF7D,97,F
3D61534BAAF7C,58,F
3D61534BAAF7B,107,F
3D61534BAAF7A,106,F
3D61534BAAF79,126,F
3D61534BAAF78,99,F
3D61534BAAF77,89,F
3D61534BAAF76,140,F
3D61534BAAF75,91,F
3D61534BAAF74,93,F
3D61534BAAF73,78,F
3D61534BAAF72,103,F
3D61534BAAF71,88,F
3D61534BAAF70,55,F
3D61534BAAF6F,88,F
3D61534BAAF6E,100,F
3D61534BAAF6D,102,F
3D61534BAAF6C,93,F
3D61534BAAF6B,78,F
3D61534BAAF6A,107,F
3D61534BAAF69,48.5,F
3D61534BAAF68,103,F
3D61534BAAF67,103,F
3D61534BAAF66,158,F
3D61534BAAF65,130,F
3D61534BAAF64,125,F
3D61534BAAF63,92,F
3D61534BAAF62,122,F
3D61534BAAF61,98,F
3D61534BAAF60,98,F
3D61534BAAF5F,94,F
3D61534BAAF5E,149,F
3D61534BAAF5D,83,F
3D61534BAAF5C,97,F
3D61534BAAF5B,150,F
3D61534BAAF5A,101,F
3D61534BAAF59,91,F
3D61534BAAF58,130,F
3D61534BAAF57,130,F
3D61534BAAF56,77,F
3D61534BAAF55,122,F
3D61534BAAF54,172,F
3D61534BAAF53,142,F
3D61534BAAF52,105,F
3D61534BAAF51,156,F
3D61534BAAF50,129,F
3D61534BAAF4F,149,F
3D61534BAAF4D,81,F
3D61534BAAF4C,111,F
3D61534BAAF4B,75,F
3D61534BAAF4A,68.5,F
3D61534BAAF49,130,F
3D61534BAAF48,135,F
3D61534BAAF47,108.5,F
3D61534BAAF46,131,F
3D61534BAAF45,130,F
3D61534BAAF44,139,F
3D61534BAAF43,98,F
3D61534BAAF42,80,F
3D61534BAAF41,94,F
3D61534BAAF40,96,F
3D61534BAAF3F,91,F
3D61534BAAF3D,125,F
3D61534BAAF3C,123,F
3D61534BAAF3B,142,F
3D61534BAAF3A,86.5,F
3D61534BAAF39,163,F
3D61534BAAF38,132,F
3D61534BAAF37,109,F
3D61534BAAF36,157,F
3D61534BAAF35,108,F
3D61534BAAF34,98,F
3D61534BAAF32,153,F
3D61534BAAF31,93.5,F
3D61534BAAF30,132.5,F
3D61534BAAF2F,98,F
3D61534BAAF2E,133,F
3D61534BAAF2D,105,F
3D61534BAAF2C,98,F
3D61534BAAF2B,101,F
3D61534BAAF2A,84.5,F
3D61534BAAF29,78.5,F
3D61534BAAF28,84,F
3D61534BAAF27,82,F
3D61534BAAF26,91,F
3D61534BAAF25,93,F
3D61534BAAF24,152,F
3D61534BAAF23,91,F
3D61534BAAF22,85,F
3D61534BAAF20,82,F
3D61534BAAF1F,108,F
3D61534BAAF1E,139,F
3D61534BAAF1D,97.5,F
3D61534BAAF1C,90,F
3D61534BAAF1B,74,F
3D61534BAAF1A,160.5,F
3D61534BAAF19,106,F
3D61534BAAF18,117,F
3D61534BAAF16,110,F
3D61534BAAF15,89,F
3D61534BAAF14,100,F
3D61534BAAF12,64,F
3D61534BAAF11,148,F
3D61534BAAF10,100.5,F
3D61534BAAF0F,101,F
3D61534BAAF0E,96,F
3D61534BAAF0D,105,F
3D61534BAAF0C,140.5,F
3D61534BAAF0B,174,F
3D61534BAAF0A,93,F
3D61534BAAF09,95,F
3D61534BAAF08,99,F
3D61534BAAF07,101.5,F
3D61534BAAF06,110,F
3D61534BAAF05,154,F
3D61534BAAF04,126,F
3D61534BAAF03,96,F
3D61534BAAF02,103.5,F
3D61534BAAF01,151,F
3D61534BAAF00,82,F
3D61534BAAEFF,86,F
3D61534BAAEFE,159.5,F
3D61534BAAEFD,108,F
3D61534BAAEFC,84,F
3D61534BAAEFB,108,F
3D61534BAAEFA,100,F
3D61534BAAEF9,52,F
3D61534BAAEF8,105,F
3D61534BAAEF7,115,F
3D61534BAAEF6,85,F
3D61534BAAEF5,130,F
3D61534BAAEF4,138,F
3D61534BAAEF3,154,F
3D61534BAAEF2,60,F
3D61534BAAEF1,136,F
3D61534BAAEF0,58,F
3D61534BAAEEF,85.5,F
3D61534BAAEEE,85,F
3D61534BAAEED,109,F
3D61534BAAEEC,93,F
3D61534BAAEEB,106,F
3D61534BAAEEA,84,F
3D61534BAAEE9,95,F
3D61534BAAEE8,95,F
3D61534BAAEE7,137,F
3D61534BAAEE6,107,F
3D61534B1446D,78,F
3D61534B14443,93,F
3D61534B1443D,145,F
3D61534B14415,101,F
3D61534B14413,109,F
3D61534B14412,94,F
3D61534B1440F,92,F
3D61534B1440E,160,F
3D61534B1440B,85,F
3D61534B1440A,118,F
3D61534B14409,54,F
3D61534B14408,103,F
3D61534B14407,98.5,F
3D61534B14406,92,F
3D61534B14405,93,F
3D61534B14400,139,F
3D61534B143FF,107,F
3D61534B143FE,91,F
3D61534B143FD,111,F
3D61534B143FB,83,F
3D61534B143FA,108,F
3D61534B143F9,103,F
3D61534B143F7,156,F
3D61534B143F6,129,F
3D61534B143F4,92,F
3D61534B143F3,144,F
3D61534B143F1,99,F
3D61534B143EF,128.5,F
3D61534B143EE,111,F
3D61534B143ED,101,F
3D61534B143EB,139,F
3D61534B143EA,100,F
3D61534B143E8,132,F
3D61534B143E7,99,F
3D61534B143E6,100,F
3D61534B143E5,98,F
3D61534B143E4,130,F
3D61534B143E1,93,F
3D61534B143DF,93,F
3D61534B143DD,80,F
3D61534B143DC,77.5,F
3D61534B143DB,108,F
3D61534B143DA,101,F
3D61534B143D6,90,F
3D61534B143D5,97,F
3D61534B143D4,102,F
3D61534B143D1,125,F
3D61534B143D0,104,F
3D61534B143CC,137,F
3D61534B143CB,101,F
3D61534B143CA,99,F
3D61534B143C7,137,F
3D61534B143C6,146,F
3D61534B143C1,111,F
3D61534B143BE,98,F
3D61534B143BC,56,F
3D61534B143BA,80,F
3D61534B143B9,87,F
3D61534B143B8,114,F
3D61534B143B5,139,F
3D61534B143B4,82,F
3D61534B143B3,129,F
3D61534B143B2,230,F
3D61534B143B1,90,F
3D61534B143B0,89,F
3D61534B143AF,105,F
3D61534B143AE,94,F
3D61534B143AD,121.5,F
3D61534B143AC,145.5,F
3D61534B143AB,55.5,F
3D61534B143A9,109,F
3D61534B143A8,39.5,F
3D61534B143A7,98,F
3D61534B143A6,138.5,F
3D61534B143A4,94,F
3D61534B143A3,101,F
3D61534B143A2,104,F
3D61534B143A1,146,F
3D61534B143A0,89,F
3D61534B1439F,71.5,F
3D61534B1439E,121,F
3D61534B1439D,139,F
3D61534B1439C,94,F
3D61534B1439B,87,F
3D61534B1439A,138,F
3D61534B14399,152.5,F
3D61534B14398,80,F
3D61534B14397,99,F
3D61534B14396,173,F
3D61534B14395,94,F
3D61534B14394,96,F
3D61534B14393,85.5,F
3D61534B14392,139.5,F
3D61534B14391,78,F
3D61534B14390,104,F
3D61534B1438F,130,F
3D61534B1438E,102.5,F
3D61534B1438D,90,F
3D61534B1438C,77,F
3D61534B1438B,220,F
3D61534B1438A,116,F
3D61534B14389,102.5,F
3D61534B14388,140,F
3D61534B14387,104,F
3D61534B14386,128,F
3D61534B14385,58.5,F
3D61534B14384,167,F
3D61534B14383,105,F
3D61534B14382,120,F
3D61534B14381,96,F
3D61534B14380,101,F
3D61534B1437F,97.5,F
3D61534B1437E,78,F
3D61534B1437D,90.5,F
3D61534B1437C,74,F
3D61534B1437B,122,F
3D61534B1437A,107,F
3D61534B14379,131,F
3D61534B14378,103,F
3D61534B14377,75,F
3D61534B14376,107.5,F
3D61534B14375,165,F
3D61534B14374,98,F
3D61534B14373,129,F
3D61534B14371,115,F
3D61534B14370,88,F
3D61534B1436F,91,F
3D61534B1436E,134,F
3D61534B1436D,87,F
3D61534B1436C,56,F
3D61534B1436B,92.5,F
3D61534B1436A,170,F
3D61534B14369,89,F
3D61534B14368,76,F
3D61534B14367,90.5,F
3D61534B14366,190,F
3D61534B14365,96,F
3D61534B14364,192,F
3D61534B14363,99.5,F
3D61534B14362,94,F
3D61534B14361,89,F
3D61534B14360,134,F
3D61534B1435F,161,F
3D61534B1435E,135,F
3D61534B1435D,163,F
3D61534B1435C,98.5,F
3D61534B1435B,88.5,F
3D61534B14359,109.5,F
3D61534B14358,157.5,F
3D61534B14357,79,F
3D61534B14356,94,F
3D61534B14355,118.5,F
3D61534B14354,86,F
3D61534B14353,80,F
3D61534B14352,78.5,F
3D61534B14351,151,F
3D61534B14350,88,F
3D61534B1434F,158,F
3D61534B1434E,99,F
3D61534B142A7,131,F
3D61534B14288,91,F
3D61534B14284,95.5,F
3D61534B14283,100,F
3D61534B14282,144.5,F
3D61534B14281,98,F
3D61534B14280,148,F
3D61534B1427F,103.5,F
3D61534B1427E,57.5,F
3D61534B1427D,92,F
3D61534B1427B,56,F
3D61534B14279,160,F
3D61534B14277,122,F
3D61534B14276,136,F
3D61534B14275,94,F
3D61534B14273,92.5,F
3D61534B14270,133,F
3D61534B1426F,96.5,F
3D61534B1426E,100.5,F
3D61534B1426D,92,F
3D61534B1426C,96,F
3D61534B1426B,157.5,F
3D61534B14268,108.5,F
3D61534B14267,84,F
3D61534B14266,109,F
3D61534B14265,136,F
3D61534B14263,106,F
3D61534B14262,170,F
3D61534B14260,102,F
3D61534B1425F,100,F
3D61534B1425E,139,F
3D61534B1425D,98,F
3D61534B1425C,101,F
3D61534B1425B,111,F
3D61534B14259,54.5,F
3D61534B14256,116,F
3D61534B14255,143,F
3D61534B14253,90.5,F
3D61534B14252,126.5,F
3D61534B14250,119.5,F
3D61534B1424F,163,F
3D61534B1424D,107,F
3D61534B1424C,116,F
3D61534B1424B,157,F
3D61534B1424A,105,F
3D61534B14249,96,F
3D61534B14248,107,F
3D61534B14247,54.5,F
3D61534B14246,119.5,F
3D61534B14245,125,F
3D61534B14244,84.5,F
3D61534B14243,82,F
3D61534B14242,118,F
3D61534B14241,97,F
3D61534B14240,104.5,F
3D61534B1423E,125,F
3D61534B1423D,116,F
3D61534B1423C,137.5,F
3D61534B1423B,112.5,F
3D61534B1423A,154,F
3D61534B14239,137,F
3D61534B14238,130,F
3D61534B14237,106,F
3D61534B14236,52,F
3D61534B14235,111,F
3D61534B14233,83.5,F
3D61534B14231,93.5,F
3D61534B14230,128.5,F
3D61534B1422C,94,F
3D61534B1422B,103,F
3D61534B1422A,144.5,F
3D61534B14229,107,F
3D61534B14228,109,F
3D61534B14227,98,F
3D61534B14226,127,F
3D61534B14225,95.5,F
3D61534B14223,100,F
3D61534B14221,107.5,F
3D61534B14220,112,F
3D61534B1421E,138.5,F
3D61534B1421A,125,F
3D61534B14219,114,F
3D61534B14218,89,F
3D61534B14215,101,F
3D61534B14214,57.5,F
3D61534B14213,144.5,F
3D61534B14212,86,F
3D61534B14211,53,F
3D61534B14210,180.5,F
3D61534B1420E,99,F
3D61534B1420D,143,F
3D61534B1420B,117,F
3D61534B1420A,84,F
3D61534B14208,114.5,F
3D61534B14207,88,F
3D61534B14206,102,F
3D61534B14205,95,F
3D61534B14204,93.5,F
3D61534B14203,80,F
3D61534B14201,102,F
3D61534B14200,109,F
3D61534B141FF,95.5,F
3D61534B141FE,113,F
3D61534B141FD,124,F
3D61534B141FB,111,F
3D61534B141F5,193,F
3D61534B141F4,43,F
3D61534B141F3,96,F
3D61534B141F1,100,F
3D61534B141F0,52,F
3D61534B141EF,90,F
3D61534B141ED,154,F
3D61534B141EC,91,F
3D61534B141EB,90,F
3D61534B141E8,172.5,F
3D61534B141E5,163.5,F
3D61534B141E2,89,F
3D61534B141E1,110.5,F
3D61534B141E0,98.5,F
3D61534B141DF,90,F
3D61534B141DD,99,F
3D61534B141DC,124,F
3D61534B141D5,134,F
3D61534B141D2,108,F
3D61534B141D1,92,F
3D61534B141CF,91,F
3D61534B141C8,82,F
3D61534B141C7,149,F
3D61534B141C6,165,F
3D61534B141C5,104,F
3D61534B141C4,88,F
3D61534B141C1,82.5,F
3D61534B141BF,85,F
3D61534B141BB,96,F
3D61534B141BA,66.2,F
3D61534B141B9,141,F
3D61534B141B8,103.5,F
3D61534B141B7,106,F
3D61534B141B6,134,F
3D61534B141B4,156,F
3D61534B141B3,94,F
3D61534B141B2,146,F
3D61534B141B1,158,F
3D61534B141B0,85,F
3D61534B141AD,102,F
3D61534B141AC,85.5,F
3D61534B141AB,145,F
3D61534B141AA,109.5,F
3D61534B141A9,74,F
3D61534B141A8,89,F
3D61534B141A7,101,F
3D61534B141A6,137,F
3D61534B141A5,90,F
3D61534B141A4,143.5,F
3D61534B141A3,128,F
3D61534B141A2,101,F
3D61534B141A1,98,F
3D61534B141A0,90,F
3D61534B1419F,132.5,F
3D61534B1419D,110,F
3D61534B1419C,98,F
3D61534B14199,127.5,F
3D61534B14198,130.5,F
3D61534B14197,117.5,F
3D61534B14196,137.5,F
3D61534B14195,128,F
3D61534B14193,86,F
3D61534B14192,54,F
3D61534B14190,157,F
3D61534B1418F,127,F
3D61534B1418E,94,F
3D61534B1418D,115,F
3D61534B1418B,91,F
3D61534B1418A,100,F
3D61534B14189,134,F
3D61534B14187,84,F
3D61534B14186,189,F
3D61534B14185,161,F
3D61534B14184,128,F
3D61534B14183,86,F
3D61534B14182,90,F
3D61534B14181,165,F
3D61534B14180,140,F
3D61534B1417F,133,F
3D61534B1417E,138.5,F
3D61534B1417D,106,F
3D61534B1417C,144,F
3D61534B1417B,90,F
3D61534B14179,167,F
3D61534B14178,92,F
3D61534B14177,155,F
3D61534B14176,154,F
3D61534B14174,93,F
3D61534B14173,103,F
3D61534B14172,132.5,F
3D61534B14171,128,F
3D61534B1416F,94,F
3D61534B1416C,102,F
3D61534B1416B,82.5,F
3D61534B1416A,108.5,F
3D61534B14169,135,F
3D61534B14168,50.5,F
3D61534B14166,103,F
3D61534B14165,142,F
3D61534B14164,147,F
3D61534B14162,129,F
3D61534B14161,112,F
3D61534B14160,94,F
3D61534B1415F,92,F
3D61534B1415E,90,F
3D61534B1415D,101.5,F
3D61534B1415B,98,F
3D61534B1415A,106.5,F
3D61534B14159,155,F
3D61534B14158,149,F
3D61534B14157,100,F
3D61534B14156,136,F
3D61534B14155,92,F
3D61534B14154,141,F
3D61534B14153,99,F
3D61534B14152,57,F
3D61534B14151,99,F
3D61534B14150,87,F
3D61534B1414F,128,F
3D61534B1414E,82,F
3D61534B1414D,61,F
3D61534B1414C,151,F
3D61534B1414B,142,F
3D61534B1414A,101,F
3D61534B14149,99,F
3D61534B14148,110,F
3D61534B14147,133,F
3D61534B14146,129,F
3D61534B14145,98,F
3D61534B14144,100,F
3D61534B14143,101,F
3D61534B14142,110,F
3D61534B14141,136,F
3D61534B14140,85,F
3D61534B1413F,128,F
3D61534B1413E,94,F
3D61534B1413C,131,F
3D61534B1413B,87,F
3D61534B1413A,80,F
3D61534B14139,90,F
3D61534B14138,96,F
3D61534B14137,96,F
3D61534B14136,97,F
3D61534B14135,111,F
3D61534B14134,104,F
3D61534B14133,158,F
3D61534B14132,122,F
3D61534B14131,83,F
3D61534B14130,90,F
3D61534B1412F,114,F
3D61534B1412E,139,F
3D61534B1412D,107,F
3D61534B1412C,91,F
3D61534B1412B,110,F
3D61534B1412A,85,F
3D61534B14129,188,F
3D61534B14128,153,F
3D61534B14127,102,F
3D61534B14126,150,F
3D61534B14125,98,F
3D61534B14124,153,F
3D61534B14123,90,F
3D61534B14122,91,F
3D61534B14121,115,F
3D61534B1411F,96,F
3D61534B1411E,139,F
3D61534B1411D,108,F
3D61534B1411C,91,F
3D61534B1411A,133,F
3D61534B14119,103,F
3D61534B14118,173,F
3D61534B14117,108,F
3D61534B14116,98,F
3D61534B14115,129,F
3D61534B14114,103,F
3D61534B14113,151,F
3D61534B14112,95,F
3D61534B14111,93,F
3D61534B14110,107,F
3D61534B1410F,100,F
3D61534B1410E,100,F
3D61534B1410D,89,F
3D61534B1410C,89,F
3D61534B1410B,139,F
3D61534B1410A,175,F
3D61534B14109,71,F
3D61534B14108,98,F
3D61534B14107,174,F
3D61534B14106,96,F
3D61534B14105,101,F
3D61534B14104,93,F
3D61534B14103,97,F
3D61534B14102,112,F
3D61534B14101,147,F
3D61534B14100,168,F
3D61534B140FF,97,F
3D61534B140FE,97,F
3D61534B140FD,99,F
3D61534B140FC,163,F
3D61534B140FB,159,F
3D61534B140FA,111,F
3D61534B140F9,120,F
3D61534B140F7,93,F
3D61534B140F6,95,F
3D61534B140F5,91,F
3D61534A71100,86,F
3D61534A710FF,43,F
3D61534A710FE,105,F
3D61534A710FD,122,F
3D61534A710FC,86,F
3D61534A710FB,87,F
3D61534A710FA,108,F
3D61534A710F9,116,F
3D61534A710F8,83,F
3D61534A710F7,167,F
3D61534A710F6,180,F
3D61534A710F5,171,F
3D61534A710F4,134,F
3D61534A710F3,144,F
3D61534A710F2,86,F
3D61534A710F1,100,F
3D61534A710F0,74,F
3D61534A710EF,44,F
3D61534A710EE,82,F
3D61534A710ED,123,F
3D61534A710EC,115,F
3D61534A710EB,139,F
3D61534A710E9,136,F
3D61534A710E8,146,F
3D61534A710E7,138,F
3D61534A710E6,111,F
3D61534A710E5,83,F
3D61534A710E4,45,F
3D61534A710E3,140,F
3D61534A710E2,90,F
3D61534A710E1,87,F
3D61534A710E0,94,F
3D61534A710DF,94,F
3D61534A710DE,89,F
3D61534A710DD,80,F
3D61534A710DC,88,F
3D61534A710DB,125,F
3D61534A710DA,151,F
3D61534A710D9,153,F
3D61534A710D8,155,F
3D61534A710D7,82,F
3D61534A710D6,107,F
3D61534A710D5,113,F
3D61534A710D4,100,F
3D61534A710D3,104,F
3D61534A710D2,166,F
3D61534A710D1,147,F
3D61534A710D0,86,F
3D61534A710CF,80,F
3D61534A710CE,156,F
3D61534A710CC,80,F
3D61534A710CB,117,F
3D61534A710CA,177,F
3D61534A710C9,99,F
3D61534A710C8,116,F
3D61534A710C7,132,F
3D61534A710C6,200,F
3D61534A710C5,88,F
3D61534A710C4,190,F
3D61534A710C3,87,F
3D61534A710C2,117,F
3D61534A710C1,96,F
3D61534A710C0,140,F
3D61534A710BF,92,F
3D61534A710BE,104,F
3D61534A710BD,124,F
3D61534A710BC,172,F
3D61534A710BB,134,F
3D61534A710BA,164,F
3D61534A710B9,134,F
3D61534A710B8,113,F
3D61534A710B7,94,F
3D61534A710B6,144,F
3D61534A710B5,132,F
3D61534A710B4,135,F
3D61534A710B3,110,F
3D61534A710B2,132,F
3D61534A710B1,94,F
3D61534A710B0,41,F
3D61534A710AF,99,F
3D61534A710AE,141,F
3D61534A710AD,62,F
3D61534A710AC,96,F
3D61534A710AB,162,F
3D61534A710AA,90,F
3D61534A710A9,137,F
3D61534A710A8,106,F
3D61534A710A7,160,F
3D61534A710A6,99,F
3D61534A710A5,94,F
3D61534A710A4,147,F
3D61534A710A3,123,F
3D61534A710A2,99,F
3D61534A710A1,163,F
3D61534A710A0,103,F
3D61534A7109F,120,F
3D61534A7109E,50,F
3D61534A7109D,133,F
3D61534A7109C,120,F
3D61534A7109B,86,F
3D61534A7109A,102,F
3D61534A71099,123,F
3D61534A71097,115,F
3D61534A71096,141,F
3D61534A71095,121,F
3D61534A71093,89,F
3D61534A71092,114,F
3D61534A7108E,148,F
3D61534A7108D,101,F
3D61534A7108C,101,F
3D61534A7108B,138,F
3D61534A71089,86,F
3D61534A71088,118,F
3D61534A71087,124,F
3D61534A71086,125,F
3D61534A71085,128,F
3D61534A71084,154,F
3D61534A71083,127,F
3D61534A71081,119,F
3D61534A71080,98,F
3D61534A7107E,159,F
3D61534A7107D,100,F
3D61534A7107B,120,F
3D61534A7107A,88,F
3D61534A71079,169,F
3D61534A71078,101,F
3D61534A71076,131,F
3D61534A71075,162,F
3D61534A71074,134,F
3D61534A71073,117,F
3D61534A71072,95,F
3D61534A71071,136,F
3D61534A71070,98,F
3D61534A7106F,166,F
3D61534A7106E,115,F
3D61534A7106D,76,F
3D61534A7106A,95,F
3D61534A71069,90,F
3D61534A71064,94,F
3D61534A71063,127,F
3D61534A71062,96,F
3D61534A71061,100,F
3D61534A71060,66,F
3D61534A7105F,157,F
3D61534A7105D,95,F
3D61534A7105C,106,F
3D61534A7105B,120,F
3D61534A71059,95,F
3D61534A71057,151,F
3D61534A71055,136,F
3D61534A71054,134,F
3D61534A71053,89,F
3D61534A71052,91,F
3D61534A71051,124,F
3D61534A71050,96,F
3D61534A7104D,121,F
3D61534A7104C,117,F
3D61534A7104B,156,F
3D61534A7104A,150,F
3D61534A71049,101,F
3D61534A71048,123,F
3D61534A71047,159,F
3D61534A71045,88,F
3D61534A71044,152,F
3D61534A71043,89,F
3D61534A71041,117,F
3D61534A71040,77,F
3D61534A7103F,126,F
3D61534A7103E,88,F
3D61534A7103C,98,F
3D61534A7103B,161,F
3D61534A7103A,87,F
3D61534A71039,178,F
3D61534A236F5,142,F
3D61534A236F2,102,F
3D61534A236EE,95,F
3D61534A236EB,97,F
3D61534A236E5,101,F
3D61534A236DD,90,F
3D61534A236DA,82,F
3D61534A236D9,100,F
3D61534A236CF,115,F
3D61534A236CE,102,F
3D61534A236CC,140,F
3D61534A236C7,80,F
3D61534A236C6,112,F
3D61534A236C2,117,F
3D61534A236C0,108,F
3D61534A236BD,112,F
3D61534A236BA,130,F
3D61534A236B8,134,F
3D61534A236B2,101,F
3D61534A236B1,113,F
3D61534A236AF,85,F
3D61534A236AD,135,F
3D61534A236A3,163,F
3D61534A2369D,154,F
3D61534A23699,107,F
3D61534A23698,82,F
3D61534A23696,83,F
3D61534A2368F,87,F
3D61534A2368E,128,F
3D61534A2368D,130,F
3D61534A2368B,84,F
3D61534A23688,81,F
3D61534A23686,81.5,F
3D61534A23685,96,F
3D61534A23684,154,F
3D61534A23681,97,F
3D61534A23680,108,F
3D61534A2367F,82,F
3D61534A2367E,146,F
3D61534A2367D,49,F
3D61534A2367C,104,F
3D61534A2367A,74,F
3D61534A23675,155,F
3D61534A23673,136,F
3D61534A23672,44,F
3D61534A23670,152,F
3D61534A2366E,93,F
3D61534A23668,107,F
3D61534A23667,153,F
3D61534A23665,174,F
3D61534A2365D,149,F
3D61534A2365A,92,F
3D61534A23654,89,F
3D61534A23650,82,F
3D61534A2364E,91,F
3D61534A2364A,44,F
3D61534A2362D,107,F
3D61534A2362C,158,F
3D61534A2362B,181,F
3D61534A2362A,98,F
3D61534A23629,105,F
3D61534A23627,97,F
3D61534A23626,85,F
3D61534A23624,78.5,F
3D61534A23623,92,F
3D61534A23622,102,F
3D61534A23621,88,F
3D61534A2361F,106,F
3D61534A2361E,124,F
3D61534A2361D,88.5,F
3D61534A2361B,82,F
3D61534A2361A,92,F
3D61534A23618,80,F
3D61534A23617,102,F
3D61534A23616,84,F
3D61534A23615,82,F
3D61534A23614,95,F
3D61534A23613,104,F
3D61534A23612,122,F
3D61534A23611,89,F
3D61534A23610,105,F
3D61534A2360F,101,F
3D61534A2360E,157,F
3D61534A2360D,73,F
3D61534A2360B,150,F
3D61534A2360A,102,F
3D61534A23607,93,F
3D61534A23606,118,F
3D61534A23605,122,F
3D61534A23604,93.5,F
3D61534A23603,129,F
3D61534A23602,87,F
3D61534A23600,135,F
3D61534A235FF,98,F
3D61534A235FE,98,F
3D61534A235FB,117,F
3D61534A235FA,90,F
3D61534A235F9,98,F
3D61534A235F8,59,F
3D61534A235F7,133,F
3D61534A235F6,40,F
3D61534A235F4,100,F
3D61534A235F3,93,F
3D61534A235F2,113,F
3D61534A235F1,128,F
3D61534A235F0,163,F
3D61534A235EF,160,F
3D61534A235EE,83,F
3D61534A235ED,80,F
3D61534A235EC,88,F
3D61534A235EB,127,F
3D61534A235EA,83,F
3D61534A235E9,128,F
3D61534A235E8,95,F
3D61534A235E7,162,F
3D61534A235E5,196,F
3D61534A235E4,83,F
3D61534A235E3,155,F
3D61534A235E1,111,F
3D61534A235E0,101,F
3D61534A235DD,116,F
3D61534A235DC,161,F
3D61534A235DA,90,F
3D61534A235D9,143,F
3D61534A235D8,111,F
3D61534A235D7,85,F
3D61534A235D4,130,F
3D61534A235D1,101,F
3D61534A235D0,92,F
3D61534A235CF,175,F
3D61534A235CE,176,F
3D61534A235CC,100,F
3D61534A235CB,110,F
3D61534A235CA,144,F
3D61534A235C9,153,F
3D61534A235C8,76,F
3D61534A235C7,150,F
3D61534A235C6,86,F
3D61534A235C5,99,F
3D61534A235C4,88,F
3D61534A235C3,92,F
3D61534A235C2,140,F
3D61534A235C1,86,F
3D61534A235C0,118,F
3D61534A235BF,93,F
3D61534A235BD,146,F
3D61534A235BC,126,F
3D61534A235BB,151,F
3D61534A235BA,100,F
3D61534A235B9,77,F
3D61534A235B8,89,F
3D61534A235B7,96,F
3D61534A235B6,137,F
3D61534A235B4,81,F
3D61534A235B3,135,F
3D61534A235B2,93,F
3D61534A235B1,144,F
3D61534A235B0,97,F
3D61534A235AF,85,F
3D61534A235AE,107,F
3D61534A235AD,110,F
3D61534A235AC,113,F
3D61534A235AB,139.5,F
3D61534A235AA,118,F
3D61534A235A9,93,F
3D61534A235A8,84,F
3D61534A235A7,143,F
3D61534A235A6,140,F
3D61534A235A4,98,F
3D61534A235A3,89,F
3D61534A235A2,92,F
3D61534A235A1,130,F
3D61534A235A0,89,F
3D61534A2359F,97,F
3D61534A2359E,70,F
3D61534A2359D,98,F
3D61534A2359C,89,F
3D61534A2359B,90,F
3D61534A2359A,136,F
3D61534A23599,90,F
3D61534A23598,109,F
3D61534A23597,101,F
3D61534A23596,133,F
3D61534A23595,116,F
3D61534A23594,114,F
3D61534A23593,42,F
3D61534A23592,86,F
3D61534A23590,116,F
3D61534A2358F,129,F
3D61534A2358E,166,F
3D61534A2358C,140,F
3D61534A2358B,96,F
3D61534A2358A,83,F
3D61534A23589,148,F
3D61534A23588,111,F
3D61534A23587,154,F
3D61534A23586,116,F
3D61534A23585,111,F
3D61534A23584,100,F
3D61534A23583,83,F
3D61534A23582,100,F
3D61534A23580,84,F
3D61534A2357F,88,F
3D61534A2357E,76,F
3D61534A2357D,106,F
3D61534A2357C,89,F
3D61534A2357A,148,F
3D61534A23579,81,F
3D61534A23578,132,F
3D61534A23577,106,F
3D61534A23576,119,F
3D61534A23575,121,F
3D61534A22DA4,122,F
3D61534A22DA3,100,F
3D61534A22DA1,108,F
3D61534A22D9F,99,F
3D61534A22D9D,83,F
3D61534A22D9C,130,F
3D61534A22D9B,41,F
3D61534A22D9A,117,F
3D61534A22D99,154,F
3D61534A22D98,95,F
3D61534A22D97,93,F
3D61534A22D96,156,F
3D61534A22D94,188,F
3D61534A22D93,82,F
3D61534A22D91,172,F
3D61534A22D90,95,F
3D61534A22D8F,153,F
3D61534A22D8E,143,F
3D61534A22D8C,91,F
3D61534A22D8B,95,F
3D61534A22D8A,101,F
3D61534A22D89,146,F
3D61534A22D88,123,F
3D61534A22D87,77,F
3D61534A22D86,144,F
3D61534A22D85,116,F
3D61534A22D83,115,F
3D61534A22D81,87,F
3D61534A22D80,170,F
3D61534A22D7F,85,F
3D61534A22D7E,138,F
3D61534A22D7D,102,F
3D61534A22D7A,104,F
3D61534A22D79,128,F
3D61534A22D78,122,F
3D61534A22D77,105,F
3D61534A22D76,95,F
3D61534A22D75,97,F
3D61534A22D74,44,F
3D61534A22D73,92,F
3D61534A22D72,147,F
3D61534A22D71,134,F
3D61534A22D70,82,F
3D61534A22D6F,117,F
3D61534A22D6D,128,F
3D61534A22D69,143,F
3D61534A22D68,155,F
3D61534A22D67,86,F
3D61534A22D65,180,F
3D61534A22D64,119,F
3D61534A22D61,89,F
3D61534A22D60,105,F
3D61534A22D5E,139,F
3D61534A22D5D,82,F
3D61534A22D5C,47,F
3D61534A22D5B,120,F
3D61534A22D5A,100,F
3D61534A22D58,92,F
3D61534A22D57,96.5,F
3D61534A22D56,126,F
3D61534A22D55,126,F
3D61534A22D54,92,F
3D61534A22D52,104,F
3D61534A22D50,96,F
3D61534A22D4E,109,F
3D61534A22D4C,89,F
3D61534A22D49,80,F
3D61534A22D48,103,F
3D61534A22D47,127,F
3D61534A22D45,86,F
3D61534A22D44,83,F
3D61534A22D43,116,F
3D61534A22D42,71,F
3D61534A22D41,171,F
3D61534A22D3F,85,F
3D61534A22D3E,85,F
3D61534A22D3D,140,F
3D61534A22D39,116,F
3D61534A22D35,85,F
3D61534A22D34,146,F
3D61534A22D33,143,F
3D61534A22D32,96,F
3D61534A22D31,116,F
3D61534A22D30,89,F
3D61534A22D2F,118,F
3D61534A22D2E,181,F
3D61534A22D2D,69,F
3D61534A22D2C,75,F
3D61534A22D2B,165,F
3D61534A22D2A,142,F
3D61534A22D28,87,F
3D61534A22D27,84,F
3D61534A22D26,119,F
3D61534A22D25,101,F
3D61534A22D24,113,F
3D61534A22D23,79,F
3D61534A22D22,97,F
3D61534A22D21,124,F
3D61534A22D20,120,F
3D61534A22D1F,121,F
3D61534A22D1E,174,F
3D61534A22D1C,107,F
3D61534A22D1B,109,F
3D61534A22D1A,119,F
3D61534A22D19,77,F
3D61534A22D18,125,F
3D61534A22D17,118,F
3D61534A22D15,140,F
3D61534A22D14,92,F
3D61534A22D13,87,F
3D61534A22D12,129,F
3D61534A22D11,101,F
3D61534A22D0F,95,F
3D61534A22D0E,93,F
3D61534A22D0D,125,F
3D61534A22D0C,108,F
3D61534A22D09,120,F
3D61534A22D08,96,F
3D61534A22D07,134,F
3D61534A22D06,131,F
3D61534A22D05,86,F
3D61534A22D03,121,F
3D61534A22D02,89,F
3D61534A22D01,126,F
3D61534A22CFF,121,F
3D61534A22CFE,114,F
3D61534A22CFD,151,F
3D61534A22CFC,124,F
3D61534A22CFB,137,F
3D61534A22CFA,148,F
3D61534A22CF9,98,F
3D61534A22CF8,102,F
3D61534A22CF6,107,F
3D61534A22CF5,65,F
3D61534A22CF4,104,F
3D61534A22CF3,99,F
3D61534A22CF2,114,F
3D61534A22CF1,112,F
3D61534A22CEF,86,F
3D61534A22CEE,167,F
3D61534A22CEA,88,F
3D61534A22CE9,68,F
3D61534A22CE6,146,F
3D61534A22CE5,90,F
3D61534A22CE4,150,F
3D61534A22CE3,99,F
3D61534A22CE2,125,F
3D61534A22CE0,87,F
3D61534A22CDF,94,F
3D61534A22CDE,91,F
3D61534A22CDD,143,F
3D61534A22CDB,84,F
3D61534A22CDA,79,F
3D61534A22CD9,118,F
3D61534A22CD8,133,F
3D61534A22CD7,91,F
3D61534A22CD5,120,F
3D61534A22CD3,190,F
3D61534A22CD2,102,F
3D61534A22CD1,90,F
3D61534A22CD0,101,F
3D61534A22CCE,132,F
3D61534A22CCD,156,F
3D61534A22CCB,109,F
3D61534A22CCA,127,F
3D61534A22CC9,138,F
3D61534A22CC8,123,F
3D61534A22CC7,84,F
3D61534A22CC6,82,F
3D61534A22CC5,140,F
3D61534A22CC4,108,F
3D61534A22CC3,99,F
3D61534A22CC2,85,F
3D61534A22CC0,96,F
3D61534A22CBF,97,F
3D61534A22CBE,89,F
3D61534A22CBD,64,F
3D61534A22CBC,112,F
3D61534A22CBB,74,F
3D61534A22CBA,98,F
3D61534A22CB9,92,F
3D61534A22CB7,94,F
3D61534A22CB5,99,F
3D61534A22CB4,77,F
3D61534A22CB3,108,F
3D61534A22CB2,102,F
3D61534A22CB1,86,F
3D61534A22CB0,91,F
3D61534A22CAF,142,F
3D61534A22CAE,89,F
3D61534A22CAD,142,F
3D61534A22CAC,142,F
3D61534A22CAB,94,F
3D61534A22CAA,127,F
3D61534A22CA8,84,F
3D61534A22CA7,70,F
3D61534A22CA5,90,F
3D61534A22CA4,84,F
3D61534A22CA3,92,F
3D61534A22CA2,74,F
3D61534A22CA1,131,F
3D61534A22CA0,90,F
3D61534A22C9E,90,F
3D61534A22C9D,96,F
3D61534A22C9C,138,F
3D61534A22C9B,112,F
3D61534A22C9A,103,F
3D61534A22C99,101,F
3D61534A22C98,78,F
3D61534A22C97,131,F
3D61534A22C96,93,F
3D61534A22C95,88,F
3D61534A22C94,141,F
3D61534A22C93,102,F
3D61534A22C92,112,F
3D61534A22C91,151,F
3D61534A22C8F,94,F
3D61534A22C8E,77,F
3D61534A22C8D,119,F
3D61534A22C8C,90,F
3D61534A22C8B,83,F
3D61534A22C89,87,F
3D61534A22C88,94,F
3D61534A22C87,82,F
3D61534A22C86,95,F
3D61534A22C85,84,F
3D61534A22C84,83,F
3D61534A22C83,114,F
3D61534A22C82,83,F
3D61534A22C80,145,F
3D61534A22C7F,108,F
3D61534A22C7E,147,F
3D61534A22C7D,169,F
3D61534A22C7C,84,F
3D61534A22C7B,97,F
3D61534A22C7A,120,F
3D61534A22C79,92,F
3D61534A22C78,119,F
3D61534A22C77,93,F
3D61534A22C74,134,F
3D61534A22C73,89,F
3D61534A22C72,78,F
3D61534A22C71,90,F
3D61534A22C70,97,F
3D61534A22C6F,89,F
3D61534A22C6E,142,F
3D61534A22C6C,126,F
3D61534A22C6A,117,F
3D61534A22C69,97,F
3D61534A22C68,102,F
3D61534A22C67,92,F
3D61534A22C66,82,F
3D61534A22C63,93,F
3D61534A22C62,117,F
3D61534A22C5F,90,F
3D61534A22C5E,139,F
3D61534A22C5C,80,F
3D61534A22C5B,125,F
3D61534A22C59,77,F
3D61534A22C58,91,F
3D61534A22C57,105,F
3D61534A22C55,102,F
3D61534A22C54,124,F
3D61534A22C53,95,F
3D61534A22C52,146,F
3D61534A22C50,140,F
3D61534A22C4F,114,F
3D61534A22C4E,98,F
3D61534A22C4D,105,F
3D61534A22C4C,101,F
3D61534A22C4B,96,F
3D61534A22C4A,133,F
3D61534A22C49,160,F
3D61534A22C48,86,F
3D61534A22C45,106,F
3D61534A22C43,97,F
3D61534A22C41,81,F
3D61534A22C3E,102,F
3D61534A22C3D,100,F
3D61534A22C3C,132,F
3D61534A22C3B,174,F
3D61534A22C3A,102,F
3D61534A22C39,115,F
3D61534A22C38,88,F
3D61534A22C37,190,F
3D61534A22C36,102,F
3D61534A22C35,81,F
3D61534A22C34,103,F
3D61534A22C33,89,F
3D61534A22C32,109,F
3D61534A22C31,111,F
3D61534A22C30,71,F
3D61534A22C2F,87,F
3D61534A22C2E,134,F
3D61534A22C2D,130,F
3D61534A22C2C,106,F
3D61534A22C2B,102,F
3D61534A22C2A,123,F
3D61534A22C29,84,F
3D61534A22C28,123,F
3D61534A22C27,180,F
3D61534A22C26,91,F
3D61534A22C25,84,F
3D61534A22C24,90,F
3D61534A22C23,85,F
3D61534A22C22,105,F
3D61534A22C21,92,F
3D61534A22C20,129,F
3D61534A22C1F,139,F
3D61534A22C1E,108,F
3D61534A22C1D,124,F
3D61534A22C1C,150,F
3D61534A22C1B,97,F
3D61534A22C1A,93,F
3D61534A22C19,113,F
3D61534A22C18,119,F
3D61534A22C17,79,F
3D61534A22C16,108,F
3D61534A22C15,130,F
3D61534A22C14,146,F
3D61534A22C13,87,F
3D61534A22C12,128,F
3D61534A22C11,87,F
3D61534A22C10,98,F
3D61534A22C0F,147,F
3D61534A22C0E,128,F
3D61534A22C0C,95,F
3D61534A22C0B,152,F
3D61534A22C0A,148,F
3D61534A22C09,116,F
3D61534A22C08,108,F
3D61534A22C07,104,F
3D61534A22C06,87,F
3D61534A22C05,120,F
3D61534A22C03,83,F
3D61534A22C02,153,F
3D61534A22C01,100,F
3D61534A22C00,177,F
3D61534A22BFF,98,F
3D61534A22BFE,80,F
3D61534A22BFC,172,F
3D61534A22BFB,105,F
3D61534A22BF8,138,F
3D61534A22BF7,148,F
3D61534A22BF6,87,F
3D61534A22BF5,183,F
3D61534A22BF3,119,F
3D61534A22BF1,78,F
3D61534A22BF0,142,F
3D61534A22BEF,98,F
3D61534A22BEE,132,F
3D61534A22BED,87,F
3D61534A22BEC,99,F
3D61534A22BEB,92,F
3D61534A22BEA,180,F
3D61534A22BE9,111,F
3D61534A22BE8,89,F
3D61534A22BE7,146,F
3D61534A22BE6,82,F
3D61534A22BE5,87,F
3D61534A22BE4,109,F
3D61534A22BE2,95,F
3D61534A22BE1,80,F
3D61534A22BE0,138,F
3D61534A22BDF,81,F
3D61534A22BDE,104,F
3D61534A22BDD,185,F
3D61534A22BDC,83,F
3D61534A22BDB,111,F
3D61534A22BDA,81,F
3D61534A22BD9,95,F
3D61534A22BD7,151,F
3D61534A22BD5,77,F
3D61534A22BD3,92,F
3D61534A22BD2,104,F
3D61534A22BD1,81,F
3D61534A22BD0,87,F
3D61534A22BCF,136,F
3D61534A22BCE,80,F
3D61534A22BCD,84,F
3D61534A22BCC,82,F
3D61534A22BCB,95,F
3D61534A22BCA,134,F
3D61534A22BC9,144,F
3D61534A22BC8,89,F
3D61534A22BC6,97,F
3D61534A22BC5,109,F
3D61534A22BC4,111,F
3D61534A22BC1,95,F
3D61534A22BC0,128,F
3D61534A22BBF,127,F
3D61534A22BBE,97,F
3D61534A22BBD,85,F
3D61534A22BBC,82,F
3D61534A22BBB,99,F
3D61534A22BB9,164,F
3D61534A22BB8,120,F
3D61534A22BB7,43,F
3D61534A22BB6,88,F
3D61534A22BB5,136,F
3D61534A22BB4,167,F
3D61534A22BB3,107,F
3D61534A22BB2,147,F
3D61534A22BB1,72,F
3D61534A22BB0,148,F
3D61534A22BAF,152,F
3D61534A22BAE,112,F
3D61534A22BAD,101,F
3D61534A22BAC,135.5,F
3D61534A22BAB,83,F
3D61534A22BAA,160,F
3D61534A22BA9,90,F
3D61534A22BA8,75,F
3D61534A22BA6,105,F
3D61534A22BA5,91,F
3D61534A22BA4,150,F
3D61534A22BA3,122,F
3D61534A22BA2,99,F
3D61534A22BA1,85,F
3D61534A22B9F,120,F
3D61534A22B9E,96,F
3D61534A22B9D,86,F
3D61534A22B9C,93,F
3D61534A22B9B,83,F
3D61534A22B9A,71,F
3D61534A22B99,112,F
3D61534A22B98,109,F
3D61534A22B96,83,F
3D61534A22B95,141,F
3D61534A22B94,85,F
3D61534A22B93,125,F
3D61534A22B92,84,F
3D61534A22B91,90,F
3D61534A22B90,116,F
3D61534A22B8D,105,F
3D61534A22B8C,91,F
3D61534A22B8B,116,F
3D61534A22B8A,130,F
3D61534A22B89,116,F
3D61534A22B88,82,F
3D61534A22B87,93,F
3D61534A22B86,155,F
3D61534A22B85,113,F
3D61534A22B84,96,F
3D61534A22B83,94,F
3D61534A22B82,104,F
3D61534A22B81,107,F
3D61534A22B80,77,F
3D61534A22B7F,66,F
3D61534A22B7E,140,F
3D61534A22B7D,106,F
3D61534A22B7C,131,F
3D61534A22B7B,90,F
3D61534A22B7A,91,F
3D61534A22B79,143,F
3D61534A22B78,145,F
3D61534A22B77,94,F
3D61534A22B75,120,F
3D61534A22B74,148,F
3D61534A22B73,121,F
3D61534A22B72,123,F
3D61534A22B71,112,F
3D61534A22B70,138,F
3D61534A22B6F,123,F
3D61534A22B6E,118,F
3D61534A22B6D,93,F
3D61534A22B6C,81,F
3D61534A22B6B,83,F
3D61534A22B6A,40,F
3D61534A22B69,154,F
3D61534A22B68,75,F
3D61534A22B67,89,F
3D61534A22B66,69,F
3D61534A22B65,111,F
3D61534A22B64,146,F
3D61534A22B61,141,F
3D61534A22B60,129,F
3D61534A22B5F,149,F
3D61534A22B5E,166,F
3D61534A22B5D,90,F
3D61534A22B5C,105,F
3D61534A22B5A,96,F
3D61534A22B59,85,F
3D61534A22B58,143,F
3D61534A22B57,115,F
3D61534A22B56,99,F
3D61534A22B54,106,F
3D61534A22B53,177,F
3D61534A22B52,108,F
3D61534A22B51,127,F
3D61534A22B50,81,F
3D61534A22B4F,85,F
3D61534A22B4E,160,F
3D61534A22B4D,129,F
3D61534A22B4C,128,F
3D61534A22B4A,84,F
3D61534A22B49,83,F
3D61534A22B48,84,F
3D61534A22B47,132,F
3D61534A22B46,120,F
3D61534A22B45,123,F
3D61534A22B44,119,F
3D61534A22B43,73,F
3D61534A22B42,180,F
3D61534A22B41,119,F
3D61534A22B40,170,F
3D61534A22B3F,90,F
3D61534A22B3E,131,F
3D61534A22B3D,108,F
3D61534A22B3C,109,F
3D61534A22B3B,91,F
3D61534A22B3A,72,F
3D61534A22B39,96,F
3D61534A22B38,101,F
3D61534A22B37,85,F
3D61534A22B36,127,F
3D61534A22B35,134,F
3D61534A22B34,80,F
3D61534A22B33,127,F
3D61534A22B32,99,F
3D61534A22B31,81,F
3D61534A22B30,117,F
3D61534A22B2F,115,F
3D61534A22B2E,170,F
3D61534A22B2D,97,F
3D61534A22B2C,90,F
3D61534A22B2B,119,F
3D61534A22B2A,154,F
3D61534A22B29,84,F
3D61534A22B28,145,F
3D61534A22B27,128,F
3D61534A22B26,112,F
3D61534A22B25,76,F
3D61534A22B24,100,F
3D61534A22B23,103,F
3D61534A22B22,89,F
3D61534A22B21,149,F
3D61534A22B1F,104,F
3D61534A22B1E,100,F
3D61534A22B1D,64,F
3D61534A22B1C,116,F
3D61534A22B1B,95,F
3D61534A22B1A,85,F
3D61534A22B19,133,F
3D61534A22B17,78,F
3D61534A22B15,100,F
3D61534A22B14,124,F
3D61534A22B13,84,F
3D61534A22B12,133,F
3D61534A22B11,114,F
3D61534A22B10,92,F
3D61534A22B0D,81,F
3D61534A22B0C,90,F
3D61534A22B0A,106,F
3D61534A22B08,129,F
3D61534A22B07,106,F
3D61534A22B06,137,F
3D61534A22B05,135,F
3D61534A22B04,136,F
3D61534A22B03,84,F
3D61534A22B02,104,F
3D61534A22B01,98,F
3D61534A22B00,87,F
3D61534A22AFF,88,F
3D61534A22AFE,154,F
3D61534A22AFC,88,F
3D61534A22AFB,114,F
3D61534A22AFA,116,F
3D61534A22AF9,77,F
3D61534A22AF8,170,F
3D61534A22AF7,81,F
3D61534A22AF6,144,F
3D61534A22AF5,130,F
3D61534A22AF4,131,F
3D61534A22AF3,99,F
3D61534A22AF2,138,F
3D61534A22AF1,84,F
3D61534A22AF0,122,F
3D61534A22AEF,77,F
3D61534A22AEE,99,F
3D61534A22AED,105,F
3D61534A22AEC,96,F
3D61534A22AEA,92,F
3D61534A22AE9,93,F
3D61534A22AE8,82,F
3D61534A22AE7,100,F
3D61534A22AE6,124,F
3D61534A22AE5,75,F
3D61534A22AE4,103,F
3D61534A22AE2,81,F
3D61534A22AE1,82,F
3D61534A22AE0,94,F
3D61534A22ADF,107,F
3D61534A22ADE,140,F
3D61534A22ADD,76,F
3D61534A22ADC,109,F
3D61534A22ADB,127,F
3D61534A22ADA,92,F
3D61534A22AD9,130,F
3D61534A22AD8,109,F
3D61534A22AD7,70,F
3D61534A22AD5,90,F
3D61534A22AD1,81,F
3D61534A22AD0,43,F
3D61534A22ACD,92,F
3D61534A22ACB,88,F
3D61534A22ACA,77,F
3D61534A22AC8,110,F
3D61534A22AC7,110,F
3D61534A22AC4,94,F
3D61534A22AC3,117,F
3D61534A22AC1,94,F
3D61534A22ABC,98,F
3D61534A22AB7,94,F
3D61534A22AB3,127,F
3D61534A22AAF,89,F
3D61534A22AAE,155,F
3D61534A22AAA,139,F
3D61534A22AA9,96,F
3D61534A22AA4,129,F
3D61534A22A9E,71,F
3D61534A22A9D,107,F
3D61534A22A9C,133,F
3D61534A22A99,86,F
3D61534A22A93,130,F
3D61534A22A91,86,F
3D61534A22A8F,94,F
3D61534A22A8B,134,F
3D61534A22A88,97,F
3D61534A22A87,157,F
3D61534A22A85,130,F
3D61534A22A82,97,F
3D61534A22A81,78,F
3D61534A22A7F,81,F
3D61534A22A7D,84,F
3D61534A22A7B,83,F
3D61534A22A7A,101,F
3D61534A22A79,140,F
3D61534A22A75,154,F
3D61534A21F82,194,F
3D61534A21F81,81,F
3D61534A21F80,94,F
3D61534A21F7F,139,F
3D61534A21F7E,96,F
3D61534A21F7D,171,F
3D61534A21F7C,179,F
3D61534A21F7B,150,F
3D61534A21F7A,119,F
3D61534A21F79,99,F
3D61534A21F78,80,F
3D61534A21F75,126,F
3D61534A21F74,82,F
3D61534A21F73,161,F
3D61534A21F72,129,F
3D61534A21F71,83,F
3D61534A21F70,85,F
3D61534A21F6F,129,F
3D61534A21F6E,155,F
3D61534A21F6D,156,F
3D61534A21F6C,145,F
3D61534A21F6B,125,F
3D61534A21F6A,142,F
3D61534A21F69,94,F
3D61534A21F68,143,F
3D61534A21F67,145,F
3D61534A21F66,103,F
3D61534A21F65,100,F
3D61534A21F64,134,F
3D61534A21F63,158,F
3D61534A21F62,81,F
3D61534A21F61,77,F
3D61534A21F60,145.5,F
3D61534A21F5F,127,F
3D61534A21F5E,119,F
3D61534A21F5D,165,F
3D61534A21F5C,110,F
3D61534A21F5B,98,F
3D61534A21F5A,145,F
3D61534A21F59,162,F
3D61534A21F58,82,F
3D61534A21F57,78,F
3D61534A21F55,113,F
3D61534A21F54,138,F
3D61534A21F53,105,F
3D61534A21F52,95,F
3D61534A21F51,83,F
3D61534A21F50,77,F
3D61534A21F4F,101,F
3D61534A21F4E,100,F
3D61534A21F4D,137,F
3D61534A21F4C,96,F
3D61534A21F4B,92,F
3D61534A21F4A,86,F
3D61534A21F49,132,F
3D61534A21F48,87,F
3D61534A21F47,140,F
3D61534A21F46,150,F
3D61534A21F45,115,F
3D61534A21F44,103,F
3D61534A21F41,88,F
3D61534A21F40,100,F
3D61534A21F3F,89,F
3D61534A21F3E,129,F
3D61534A21F3D,98,F
3D61534A21F3C,94,F
3D61534A21F3B,82,F
3D61534A21F3A,91,F
3D61534A21F39,102,F
3D61534A21F38,145,F
3D61534A21F37,112,F
3D61534A21F36,153,F
3D61534A21F35,147,F
3D61534A21F34,97,F
3D61534A21F33,86,F
3D61534A21F32,89,F
3D61534A21F31,84,F
3D61534A21F30,111,F
3D61534A21F2F,91,F
3D61534A21F2E,92,F
3D61534A21F2D,126,F
3D61534A21F2C,144.5,F
3D61534A21F2B,78,F
3D61534A21F2A,91,F
3D61534A21F28,91,F
3D61534A21F27,99,F
3D61534A21F26,172,F
3D61534A21F25,164,F
3D61534A21F24,108,F
3D61534A21F23,160,F
3D61534A21F22,135,F
3D61534A21F20,84,F
3D61534A21F1F,156,F
3D61534A21F1E,135,F
3D61534A21F1D,155,F
3D61534A21F1C,88,F
3D61534A21F1B,80,F
3D61534A21F1A,143,F
3D61534A21F19,79,F
3D61534A21F18,87,F
3D61534A21F17,97,F
3D61534A21F16,86,F
3D61534A21F15,172,F
3D61534A21F14,135,F
3D61534A21F13,104,F
3D61534A21F12,100,F
3D61534A21F11,87,F
3D61534A21F10,92,F
3D61534A21F0F,109,F
3D61534A21F0E,98,F
3D61534A21F0D,85,F
3D61534A21F0C,119,F
3D61534A21F0B,75,F
3D61534A21F0A,96,F
3D61534A21F09,82,F
3D61534A21F08,94,F
3D61534A21F07,82,F
3D61534A21F06,122,F
3D61534A21F05,149,F
3D61534A21F04,87,F
3D61534A21F03,75,F
3D61534A21F02,98,F
3D61534A21F01,190,F
3D61534A21F00,95,F
3D61534A21EFF,82,F
3D61534A21EFE,94,F
3D61534A21EFD,120,F
3D61534A21EFC,160,F
3D61534A21EFB,127,F
3D61534A21EFA,125,F
3D61534A21EF9,86,F
3D61534A21EF8,160,F
3D61534A21EF7,155,F
3D61534A21EF5,195,F
3D61534A21EF3,187,F
3D61534A21EF2,119,F
3D61534A21EF1,124,F
3D61534A21EF0,106,F
3D61534A21EEF,81,F
3D61534A21EEE,180,F
3D61534A21EED,101,F
3D61534A21EEC,136,F
3D61534A21EEB,59,F
3D61534A21EEA,100,F
3D61534A21EE9,87,F
3D61534A21EE8,87,F
3D61534A21EE7,127,F
3D61534A21EE6,164,F
3D61534A21EE5,153,F
3D61534A21EE4,102,F
3D61534A21EE3,128,F
3D61534A21EE2,163,F
3D61534A21EE1,142,F
3D61534A21EE0,147,F
3D61534A21EDF,117,F
3D61534A21EDE,82,F
3D61534A21EDD,100,F
3D61534A21EDC,151,F
3D61534A21EDB,106,F
3D61534A21EDA,101,F
3D61534A21ED9,138,F
3D61534A21ED8,74,F
3D61534A21ED7,88,F
3D61534A21ED6,120,F
3D61534A21ED5,94,F
3D61534A21ED4,92,F
3D61534A21ED3,91,F
3D61534A21ED2,149,F
3D61534A21ED1,96,F
3D61534A21ED0,160,F
3D61534A21ECF,96,F
3D61534A21ECD,78,F
3D61534A21ECC,96,F
3D61534A21ECB,161,F
3D61534A21ECA,84,F
3D61534A21EC9,110,F
3D61534A21EC8,77,F
3D61534A21EC7,109,F
3D61534A21EC6,109,F
3D61534A21EC5,93,F
3D61534A21EC4,120,F
3D61534A21EC3,82,F
3D61534A21EC2,190,F
3D61534A21EC1,116,F
3D61534A21EBF,91,F
3D61534A21EBE,111,F
3D61534A21EBD,142,F
3D61534A21EBC,95,F
3D61534A21EBB,98,F
3D61534A21EB9,98,F
3D61534A21EB8,80,F
3D61534A21EB7,104,F
3D61534A21EB5,80,F
3D61534A21EB4,146,F
3D61534A21EB1,127,F
3D61534A21EB0,220,F
3D61534A21EAC,81,F
3D61534A21EAA,103,F
3D61534A21EA9,103,F
3D61534A21EA8,130,F
3D61534A21EA7,142,F
3D61534A21EA2,86,F
3D61534A21EA1,101,F
3D61534A21EA0,100,F
3D61534A21E9F,90,F
3D61534A21E9E,141,F
3D61534A21E9B,137,F
3D61534A21E9A,153,F
3D61534A21E99,89,F
3D61534A21E97,83,F
3D61534A21E96,86,F
3D61534A21E95,155,F
3D61534A21E92,123,F
3D61534A21E91,97,F
3D61534A21E90,99,F
3D61534A21E8F,151,F
3D61534A21E8D,101,F
3D61534A21E8C,109,F
3D61534A21E8A,143,F
3D61534A21E89,91,F
3D61534A21E85,100,F
3D61534A21E84,76,F
3D61534A21E83,95,F
3D61534A21E82,129,F
3D61534A21E7E,103,F
3D61534A21E7D,105,F
3D61534A21E7C,134,F
3D61534A21E7B,66,F
3D61534A21E7A,97,F
3D61534A21E79,112,F
3D61534A21E78,99,F
3D61534A21E76,130,F
3D61534A21E74,132,F
3D61534A21E71,89,F
3D61534A21E70,96,F
3D61534A21E6C,99,F
3D61534A21E6B,220,F
3D61534A21E67,135,F
3D61534A21E64,150,F
3D61534A21E63,118,F
3D61534A21E62,138,F
3D61534A21E61,141,F
3D61534A21E5E,112,F
3D61534A21E5D,147,F
3D61534A21E5B,140,F
3D61534A21E5A,89,F
3D61534A21E58,150,F
3D61534A21E56,93,F
3D61534A21E55,99,F
3D61534A21E54,112,F
3D61534A21E53,120,F
3D61534A21E52,114,F
3D61534A21E51,73,F
3D61534A21E50,172,F
3D61534A21E4F,91,F
3D61534A21E4E,141,F
3D61534A21E4D,91,F
3D61534A21E4C,131,F
3D61534A21E4A,89,F
3D61534A21E49,86,F
3D61534A21E48,85,F
3D61534A21E47,92,F
3D61534A21E46,75,F
3D61534A21E44,93,F
3D61534A21E43,90,F
3D61534A21E42,121,F
3D61534A21E41,108,F
3D61534A21E40,162,F
3D61534A21E3F,80,F
3D61534A21E3E,131,F
3D61534A21E3D,75,F
3D61534A21E3C,122,F
3D61534A21E3B,84,F
3D61534A21E3A,122,F
3D61534A21E39,89,F
3D61534A21E38,143,F
3D61534A21E37,52,F
3D61534A21E36,98,F
3D61534A21E35,103,F
3D61534A21E34,138,F
3D61534A21E33,139,F
3D61534A21E32,186,F
3D61534A21E31,92,F
3D61534A21E30,93,F
3D61534A21E2F,161,F
3D61534A21E2E,89,F
3D61534A21E2D,72,F
3D61534A21E2C,103,F
3D61534A21E2B,92,F
3D61534A21E2A,108,F
3D61534A21E29,87,F
3D61534A21E28,102,F
3D61534A21E27,82,F
3D61534A21E25,107,F
3D61534A21E24,99,F
3D61534A21E23,93,F
3D61534A21E22,106,F
3D61534A21E21,114,F
3D61534A21E20,159,F
3D61534A21E1F,121,F
3D61534A21E1E,151,F
3D61534A21E1D,87,F
3D61534A21E1C,166,F
3D61534A21E1B,81,F
3D61534A21E19,142,F
3D61534A21E18,103,F
3D61534A21E17,123,F
3D61534A21E16,140.5,F
3D61534A21E15,121,F
3D61534A21E14,160,F
3D61534A21E13,147,F
3D61534A21E12,87,F
3D61534A21E11,129,F
3D61534A21E0F,114,F
3D61534A21E0E,121,F
3D61534A21E0D,140,F
3D61534A21E0C,180,F
3D61534A21E0B,94,F
3D61534A21E0A,90,F
3D61534A21E09,127,F
3D61534A21E08,91,F
3D61534A21E07,128,F
3D61534A21E06,90,F
3D61534A21E05,82,F
3D61534A21A1C,119,F
3D61534A21A1B,48,F
3D61534A21A19,137,F
3D61534A21A18,133,F
3D61534A21A17,88,F
3D61534A21A16,80,F
3D61534A21A15,100,F
3D61534A21A14,106,F
3D61534A21A13,79,F
3D61534A21A10,83,F
3D61534A21A0F,89,F
3D61534A21A0E,108,F
3D61534A21A0D,100,F
3D61534A21A0C,83,F
3D61534A21A0A,103,F
3D61534A21A09,167,F
3D61534A21A08,144,F
3D61534A21A07,148,F
3D61534A21A06,83,F
3D61534A21A05,82,F
3D61534A21A04,124,F
3D61534A21A03,124,F
3D61534A21A02,132,F
3D61534A21A01,106,F
3D61534A21A00,125,F
3D61534A219FF,123,F
3D61534A219FE,107,F
3D61534A219FD,98,F
3D61534A219FC,168,F
3D61534A219FB,96,F
3D61534A219FA,108,F
3D61534A219F9,152,F
3D61534A219F8,156,F
3D61534A219F7,92,F
3D61534A219F6,92,F
3D61534A219F5,98,F
3D61534A219F4,141,F
3D61534A219F3,91,F
3D61534A219F2,90,F
3D61534A219F1,130,F
3D61534A219F0,171,F
3D61534A219EF,84,F
3D61534A219EE,102,F
3D61534A219ED,120,F
3D61534A219EC,118,F
3D61534A219EB,109,F
3D61534A219EA,139,F
3D61534A219E9,96,F
3D61534A219E8,143,F
3D61534A219E7,137,F
3D61534A219E6,88,F
3D61534A219E5,98,F
3D61534A219E4,132,F
3D61534A219E3,149,F
3D61534A219E2,121,F
3D61534A219E1,83,F
3D61534A219E0,113,F
3D61534A219DF,95,F
3D61534A219DE,91,F
3D61534A219DD,162,F
3D61534A219DC,134,F
3D61534A219DB,111,F
3D61534A219DA,90,F
3D61534A219D9,78,F
3D61534A219D8,121,F
3D61534A219D7,92,F
3D61534A219D6,144,F
3D61534A219D4,95,F
3D61534A219D3,143,F
3D61534A219D2,105,F
3D61534A219D1,97,F
3D61534A219D0,85,F
3D61534A219CF,106,F
3D61534A219CE,105,F
3D61534A219CD,143,F
3D61534A219CC,112,F
3D61534A219CB,132,F
3D61534A219CA,97,F
3D61534A219C9,173,F
3D61534A219C8,117,F
3D61534A219C7,134,F
3D61534A219C6,138,F
3D61534A219C5,114,F
3D61534A219C4,102,F
3D61534A219C3,54,F
3D61534A219C2,101,F
3D61534A219C1,113,F
3D61534A219BF,91,F
3D61534A219BE,147,F
3D61534A219BD,130,F
3D61534A219BB,111,F
3D61534A219BA,92,F
3D61534A219B9,113,F
3D61534A219B8,123,F
3D61534A219B7,101,F
3D61534A219B6,146,F
3D61534A219B5,154,F
3D61534A219B4,144,F
3D61534A219B3,136,F
3D61534A219B2,107,F
3D61534A219B1,85,F
3D61534A219B0,90,F
3D61534A219AF,154,F
3D61534A219AD,91,F
3D61534A219AC,92,F
3D61534A219AB,92,F
3D61534A219AA,111,F
3D61534A219A9,121,F
3D61534A219A8,96,F
3D61534A219A7,135,F
3D61534A219A6,94,F
3D61534A219A5,105,F
3D61534A219A4,104,F
3D61534A219A3,94,F
3D61534A219A2,113,F
3D61534A219A1,136,F
3D61534A219A0,98,F
3D61534A2199F,93,F
3D61534A2199E,129,F
3D61534A2199C,86,F
3D61534A2199B,135,F
3D61534A2199A,86,F
3D61534A21999,111,F
3D61534A21998,101,F
3D61534A21997,82,F
3D61534A21996,74.5,F
3D61534A21995,83,F
3D61534A21993,101,F
3D61534A21992,113,F
3D61534A21991,82,F
3D61534A21990,123,F
3D61534A2198F,143,F
3D61534A2198E,96,F
3D61534A2198D,126,F
3D61534A2198C,173,F
3D61534A2198B,101,F
3D61534A2198A,154,F
3D61534A21989,90,F
3D61534A21988,144,F
3D61534A21987,93,F
3D61534A21986,181,F
3D61534A21985,96,F
3D61534A21984,140,F
3D61534A21983,168,F
3D61534A21982,126,F
3D61534A21981,112,F
3D61534A21980,101,F
3D61534A2197F,145,F
3D61534A2197E,108,F
3D61534A2197D,106,F
3D61534A2197C,154,F
3D61534A2197B,95,F
3D61534A2197A,93,F
3D61534A21979,81,F
3D61534A21978,77,F
3D61534A21977,152,F
3D61534A21976,93,F
3D61534A21975,83,F
3D61534A21974,150,F
3D61534A21973,87,F
3D61534A21972,89,F
3D61534A21971,129,F
3D61534A21970,85,F
3D61534A2196F,142,F
3D61534A2196E,136,F
3D61534A2196D,155,F
3D61534A2196C,115,F
3D61534A2196B,79,F
3D61534A2196A,118,F
3D61534A21969,108,F
3D61534A21968,86,F
3D61534A21967,131,F
3D61534A21966,80,F
3D61534A21965,86,F
3D61534A21964,144,F
3D61534A21963,122,F
3D61534A21962,96,F
3D61534A21961,143,F
3D61534A21960,85,F
3D61534A2195F,91,F
3D61534A2195E,147,F
3D61534A2195D,46,F
3D61534A2195B,74,F
3D61534A2195A,96,F
3D61534A21959,101,F
3D61534A21958,133,F
3D61534A21957,87,F
3D61534A21955,148,F
3D61534A21954,167,F
3D61534A21953,104,F
3D61534A21952,100,F
3D61534A21951,131,F
3D61534A21950,190,F
3D61534A2194F,94,F
3D61534A2194E,82,F
3D61534A2194D,139,F
3D61534A2194C,83,F
3D61534A2194B,76,F
3D61534A2194A,80,F
3D61534A21949,99,F
3D61534A21948,101,F
3D61534A21947,74,F
3D61534A21946,120,F
3D61534A21945,90,F
3D61534A21944,139,F
3D61534A21943,131,F
3D61534920CC5,105.5,F
3D61534920CC4,121,F
3D61534920CC3,151.5,F
3D61534920CC1,165,F
3D61534920CC0,104,F
3D61534920CBC,104.5,F
3D61534920CBB,161,F
3D61534920CBA,141,F
3D61534920CB8,60,F
3D61534920CB7,133,F
3D61534920CB6,126,F
3D61534920CB4,134,F
3D61534920CB3,108,F
3D61534920CAF,145,F
3D61534920CAE,165,F
3D61534920CAD,58,F
3D61534920CAB,95,F
3D61534920CA9,140,F
3D61534920CA8,114,F
3D61534920CA5,52,F
3D61534920CA4,84.5,F
3D61534920CA3,146,F
3D61534920CA2,168,F
3D61534920CA1,121,F
3D61534920C9F,148,F
3D61534920C9E,77.6,F
3D61534920C9C,102.5,F
3D61534920C9B,158,F
3D61534920C9A,158.5,F
3D61534920C98,135.5,F
3D61534920C97,134,F
3D61534920C96,102.5,F
3D61534920C93,130,F
3D61534920C92,113,F
3D61534920C91,115,F
3D61534920C90,122.5,F
3D61534920C8E,164,F
3D61534920C8C,147.5,F
3D61534920C8B,166,F
3D61534920C85,129,F
3D61534920C83,55,F
3D61534920C82,88.5,F
3D61534920C81,160.3,F
3D61534920C80,87.5,F
3D61534920C7F,93.5,F
3D61534920C7D,177,F
3D61534920C7C,174,F
3D61534920C7A,130,F
3D61534920C79,138,F
3D61534920C78,55,F
3D61534920C77,85,F
3D61534920C76,160.5,F
3D61534920C75,112.5,F
3D61534920C74,89.5,F
3D61534920C73,116.5,F
3D61534920C72,161.5,F
3D61534920C71,101,F
3D61534920C70,118.5,F
3D61534920C6F,89,F
3D61534920C6A,112,F
3D61534920C69,94,F
3D61534920C66,104,F
3D61534920C65,122,F
3D61534920C64,142.5,F
3D61534920C63,158,F
3D615343DBF56,78,F
3D615343DBF2A,101,F
3D615343DBF15,88,F
3D615343DBE8B,89,F
3D615343DBE69,120.5,F
3D615343DBE5A,98,F
3D615343DBE40,112,F
3D600181F315E,86,F
3D504A8185792,97,F
3D504A8181CEA,132,F
3D504A8181A56,144,F
3D504A818177A,106,F
3D504A817F8FF,155,F
3D504A817E586,142,F
3843515DC8B1A,106,F
3843515DC8B19,130,F
3843515DC8B12,98,F
3843515DC8AEA,105,F
3843515DC8AB7,111,F
384349EBB108C,87,F
384349EBB1089,79,F
384349EBB1040,99.5,F
384349EBB102A,94,F
384349EBB1010,129,F
384349EBB1004,107,F
384349EBB0FFE,60.5,F
384349EBB0FF6,104,F
384349EBB0F6A,100,F
384349EBB0F41,103,F
384349EB9CC33,111,F
384349EB937F5,91,F
384349EA85861,114,F
