DiscTag,1,2,3,4
384349EA85861,1,0,0,0
384349EB937F5,0,0,1,0
384349EB9CC32,0,0,1,0
384349EB9CC33,0,0,1,0
384349EBB0F10,0,0,1,0
384349EBB0F11,0,0,1,0
384349EBB0F12,0,0,1,0
384349EBB0F17,0,0,1,0
384349EBB0F1C,0,0,1,0
384349EBB0F21,0,0,1,0
384349EBB0F22,0,0,1,0
384349EBB0F24,0,0,1,0
384349EBB0F25,0,0,1,0
384349EBB0F26,0,0,1,0
384349EBB0F27,0,0,1,0
384349EBB0F2A,0,0,1,0
384349EBB0F2B,0,0,1,0
384349EBB0F2D,0,0,1,0
384349EBB0F37,0,0,1,0
384349EBB0F41,0,0,1,0
384349EBB0F48,0,0,1,0
384349EBB0F49,0,0,1,0
384349EBB0F4C,0,0,1,0
384349EBB0F55,0,0,1,0
384349EBB0F56,0,0,1,0
384349EBB0F5C,0,0,1,0
384349EBB0F5F,0,0,1,0
384349EBB0F60,0,0,1,0
384349EBB0F62,0,0,1,0
384349EBB0F67,0,0,1,0
384349EBB0F68,0,0,1,0
384349EBB0F69,0,0,1,0
384349EBB0F6A,0,0,0,1
384349EBB0F6B,0,0,1,0
384349EBB0FDB,1,0,1,0
384349EBB0FE9,0,0,1,0
384349EBB0FF4,1,0,0,0
384349EBB0FF6,1,0,1,0
384349EBB0FFB,0,0,1,0
384349EBB0FFE,0,0,1,0
384349EBB0FFF,1,0,0,0
384349EBB1004,0,1,0,0
384349EBB100F,0,0,1,0
384349EBB1010,0,0,0,1
384349EBB1018,1,0,0,0
384349EBB101A,1,0,0,0
384349EBB1026,1,0,0,0
384349EBB102A,1,0,0,0
384349EBB1035,0,0,1,0
384349EBB1036,1,0,0,0
384349EBB1038,1,0,0,0
384349EBB1039,0,0,1,0
384349EBB103D,1,0,0,0
384349EBB103E,1,0,0,0
384349EBB1040,0,0,1,0
384349EBB1048,1,0,0,0
384349EBB1049,1,0,0,0
384349EBB1054,0,0,1,0
384349EBB1060,1,0,0,0
384349EBB1068,1,0,0,0
384349EBB106C,1,0,0,0
384349EBB106D,1,0,0,0
384349EBB106E,1,0,0,0
384349EBB1089,1,1,0,0
384349EBB108C,0,0,1,0
384349EBB108D,0,0,1,0
384349EBB1092,1,0,0,0
384349EBB1093,1,0,0,0
3843515DC8AB7,1,0,0,0
3843515DC8AEA,1,0,0,0
3843515DC8AEF,0,0,1,0
3843515DC8B12,0,0,1,0
3843515DC8B19,0,0,0,1
3843515DC8B1A,0,0,1,0
3D504A817E586,0,0,1,0
3D504A817F8FF,0,0,0,1
3D504A818177A,0,1,0,0
3D504A8181A56,0,0,0,1
3D504A8181CDB,0,0,1,0
3D504A8181CEA,0,0,1,0
3D504A818496B,0,0,1,0
3D504A8185792,0,0,1,0
3D504A81858ED,0,0,1,0
3D600181F315E,0,0,1,0
3D615343DBE40,1,0,0,0
3D615343DBE5A,1,0,0,0
3D615343DBE69,0,0,1,0
3D615343DBE84,1,0,0,0
3D615343DBE8B,0,1,0,0
3D615343DBF01,0,0,1,0
3D615343DBF15,0,0,0,1
3D615343DBF2A,1,0,0,0
3D615343DBF56,0,0,1,0
3D61534920C63,0,0,0,1
3D61534920C64,0,0,0,1
3D61534920C65,0,0,0,1
3D61534920C66,0,0,0,1
3D61534920C68,0,0,1,0
3D61534920C69,0,0,0,1
3D61534920C6A,0,0,0,1
3D61534920C6B,0,0,1,0
3D61534920C6F,0,0,0,1
3D61534920C70,0,0,0,1
3D61534920C71,0,0,0,1
3D61534920C72,0,0,0,1
3D61534920C73,0,0,0,1
3D61534920C74,0,0,0,1
3D61534920C75,0,0,0,1
3D61534920C76,0,0,0,1
3D61534920C77,0,0,0,1
3D61534920C78,0,0,0,1
3D61534920C79,0,0,0,1
3D61534920C7A,0,0,0,1
3D61534920C7B,0,0,1,0
3D61534920C7C,0,0,0,1
3D61534920C7D,0,0,0,1
3D61534920C7E,0,0,1,0
3D61534920C7F,0,0,0,1
3D61534920C80,0,0,0,1
3D61534920C81,0,0,0,1
3D61534920C82,0,0,0,1
3D61534920C83,0,0,0,1
3D61534920C85,0,0,0,1
3D61534920C86,0,0,1,0
3D61534920C8A,0,0,1,0
3D61534920C8B,0,0,0,1
3D61534920C8C,0,0,0,1
3D61534920C8E,0,0,0,1
3D61534920C90,0,0,0,1
3D61534920C91,0,0,0,1
3D61534920C92,0,0,0,1
3D61534920C93,0,0,0,1
3D61534920C96,0,0,0,1
3D61534920C97,0,0,0,1
3D61534920C98,0,0,0,1
3D61534920C9A,0,0,0,1
3D61534920C9B,0,0,0,1
3D61534920C9C,0,0,0,1
3D61534920C9D,0,0,1,0
3D61534920C9E,0,0,0,1
3D61534920C9F,0,0,0,1
3D61534920CA1,0,0,0,1
3D61534920CA2,0,0,0,1
3D61534920CA3,0,0,0,1
3D61534920CA4,0,0,0,1
3D61534920CA5,0,0,0,1
3D61534920CA8,0,0,0,1
3D61534920CA9,0,0,0,1
3D61534920CAA,0,0,1,0
3D61534920CAB,0,0,0,1
3D61534920CAD,0,0,0,1
3D61534920CAE,0,0,0,1
3D61534920CAF,0,0,0,1
3D61534920CB3,0,0,0,1
3D61534920CB4,0,0,0,1
3D61534920CB6,0,0,0,1
3D61534920CB7,0,0,0,1
3D61534920CB8,0,0,0,1
3D61534920CBA,0,0,0,1
3D61534920CBB,0,0,1,0
3D61534920CBC,0,0,0,1
3D61534920CBE,0,0,1,0
3D61534920CC0,0,0,0,1
3D61534920CC1,0,0,0,1
3D61534920CC2,0,0,1,0
3D61534920CC3,0,0,0,1
3D61534920CC4,0,0,0,1
3D61534920CC5,0,0,0,1
3D61534A21943,1,0,0,0
3D61534A21944,1,0,0,0
3D61534A21945,0,0,1,0
3D61534A21946,1,0,0,0
3D61534A21947,1,0,0,0
3D61534A21948,1,0,0,0
3D61534A21949,1,0,0,0
3D61534A2194A,1,0,0,0
3D61534A2194B,1,0,0,0
3D61534A2194C,1,0,0,0
3D61534A2194D,1,0,0,0
3D61534A2194E,0,0,1,0
3D61534A2194F,1,0,0,0
3D61534A21950,1,0,0,0
3D61534A21951,1,0,0,0
3D61534A21952,1,0,0,1
3D61534A21953,1,0,0,0
3D61534A21954,1,0,0,0
3D61534A21955,1,0,0,0
3D61534A21957,1,0,0,0
3D61534A21958,1,0,0,0
3D61534A21959,1,0,0,0
3D61534A2195A,1,0,0,0
3D61534A2195B,1,0,0,0
3D61534A2195D,1,0,1,0
3D61534A2195E,1,0,0,0
3D61534A2195F,1,0,1,0
3D61534A21960,1,0,0,0
3D61534A21961,1,0,0,0
3D61534A21962,1,0,0,0
3D61534A21963,1,0,0,0
3D61534A21964,1,0,0,0
3D61534A21965,1,0,0,0
3D61534A21966,1,0,0,0
3D61534A21967,1,0,0,0
3D61534A21968,1,0,0,0
3D61534A21969,1,0,0,0
3D61534A2196A,1,0,0,0
3D61534A2196B,1,0,0,0
3D61534A2196C,0,0,1,0
3D61534A2196D,1,0,0,0
3D61534A2196E,1,0,0,0
3D61534A2196F,1,0,0,0
3D61534A21970,1,0,0,0
3D61534A21971,1,0,0,0
3D61534A21972,1,0,0,0
3D61534A21973,0,0,1,0
3D61534A21974,1,0,0,0
3D61534A21975,1,0,1,0
3D61534A21976,1,0,0,0
3D61534A21977,1,0,0,0
3D61534A21978,1,0,0,0
3D61534A21979,1,0,0,0
3D61534A2197A,1,0,0,0
3D61534A2197B,1,0,0,0
3D61534A2197C,1,0,0,0
3D61534A2197D,1,0,0,0
3D61534A2197E,1,0,0,0
3D61534A2197F,1,0,0,0
3D61534A21980,1,0,0,0
3D61534A21981,1,0,0,0
3D61534A21982,1,0,0,0
3D61534A21983,1,0,0,0
3D61534A21984,1,0,1,0
3D61534A21985,1,0,0,0
3D61534A21986,1,0,0,0
3D61534A21987,0,1,0,0
3D61534A21988,1,0,0,0
3D61534A21989,1,0,0,0
3D61534A2198A,1,0,0,0
3D61534A2198B,1,0,0,0
3D61534A2198C,1,0,0,0
3D61534A2198D,1,0,0,0
3D61534A2198E,1,0,0,0
3D61534A2198F,1,0,0,0
3D61534A21990,1,0,0,0
3D61534A21991,1,0,0,0
3D61534A21992,1,0,0,0
3D61534A21993,1,0,0,0
3D61534A21995,1,0,0,0
3D61534A21996,1,0,0,0
3D61534A21997,1,0,0,0
3D61534A21998,1,0,0,0
3D61534A21999,1,0,0,0
3D61534A2199A,1,0,0,0
3D61534A2199B,1,0,0,0
3D61534A2199C,1,0,0,0
3D61534A2199E,1,0,0,0
3D61534A2199F,1,0,0,0
3D61534A219A0,1,0,0,0
3D61534A219A1,1,0,0,0
3D61534A219A2,1,0,0,0
3D61534A219A3,1,0,0,0
3D61534A219A4,1,0,0,0
3D61534A219A5,1,0,0,0
3D61534A219A6,1,0,0,0
3D61534A219A7,0,0,1,0
3D61534A219A8,0,0,1,0
3D61534A219A9,0,0,1,0
3D61534A219AA,0,0,1,0
3D61534A219AB,0,0,1,0
3D61534A219AC,0,0,1,0
3D61534A219AD,0,0,1,0
3D61534A219AF,0,0,1,0
3D61534A219B0,0,0,1,0
3D61534A219B1,0,0,1,0
3D61534A219B2,0,0,1,0
3D61534A219B3,0,0,1,1
3D61534A219B4,0,0,1,0
3D61534A219B5,0,0,1,0
3D61534A219B6,0,0,1,0
3D61534A219B7,0,0,1,0
3D61534A219B8,0,0,1,0
3D61534A219B9,0,0,1,0
3D61534A219BA,0,0,1,0
3D61534A219BB,0,0,1,0
3D61534A219BD,0,0,1,0
3D61534A219BE,0,0,1,0
3D61534A219BF,0,0,1,0
3D61534A219C1,0,0,1,0
3D61534A219C2,0,0,1,0
3D61534A219C3,0,0,1,0
3D61534A219C4,0,0,1,0
3D61534A219C5,0,0,1,0
3D61534A219C6,0,0,1,0
3D61534A219C7,0,0,1,0
3D61534A219C8,0,0,1,0
3D61534A219C9,0,0,1,0
3D61534A219CA,0,0,1,0
3D61534A219CB,0,0,1,0
3D61534A219CC,0,0,1,0
3D61534A219CD,0,0,1,0
3D61534A219CE,0,0,1,0
3D61534A219CF,0,0,1,0
3D61534A219D0,0,0,1,0
3D61534A219D1,0,0,1,0
3D61534A219D2,0,0,1,1
3D61534A219D3,0,0,1,0
3D61534A219D4,0,0,1,0
3D61534A219D6,0,0,1,0
3D61534A219D7,0,0,1,0
3D61534A219D8,0,0,1,0
3D61534A219D9,0,0,1,0
3D61534A219DA,0,0,1,0
3D61534A219DB,0,0,1,0
3D61534A219DC,0,0,1,0
3D61534A219DD,0,0,1,0
3D61534A219DE,0,0,1,0
3D61534A219DF,0,0,1,0
3D61534A219E0,0,0,1,0
3D61534A219E1,0,0,1,0
3D61534A219E2,0,0,1,0
3D61534A219E3,0,0,1,1
3D61534A219E4,0,0,1,0
3D61534A219E5,0,0,1,0
3D61534A219E6,0,0,1,1
3D61534A219E7,0,0,1,0
3D61534A219E8,0,0,1,0
3D61534A219E9,0,0,1,0
3D61534A219EA,0,0,1,0
3D61534A219EB,0,0,1,0
3D61534A219EC,0,0,1,0
3D61534A219ED,0,0,1,0
3D61534A219EE,0,0,1,0
3D61534A219EF,0,0,1,0
3D61534A219F0,0,0,1,0
3D61534A219F1,0,0,1,0
3D61534A219F2,0,0,1,0
3D61534A219F3,0,0,1,0
3D61534A219F4,0,0,1,0
3D61534A219F5,0,0,1,0
3D61534A219F6,0,0,1,0
3D61534A219F7,0,0,1,0
3D61534A219F8,0,0,1,0
3D61534A219F9,0,0,1,0
3D61534A219FA,0,0,1,0
3D61534A219FB,0,0,1,0
3D61534A219FC,0,0,1,0
3D61534A219FD,0,0,1,0
3D61534A219FE,0,0,1,0
3D61534A219FF,0,0,1,0
3D61534A21A00,0,0,1,0
3D61534A21A01,0,0,1,0
3D61534A21A02,0,0,1,0
3D61534A21A03,0,0,1,0
3D61534A21A04,0,0,1,0
3D61534A21A05,0,0,1,1
3D61534A21A06,0,0,1,0
3D61534A21A07,0,0,1,0
3D61534A21A08,0,0,1,0
3D61534A21A09,0,0,1,0
3D61534A21A0A,0,0,1,0
3D61534A21A0B,0,0,1,0
3D61534A21A0C,0,1,0,0
3D61534A21A0D,0,1,1,0
3D61534A21A0E,0,1,0,0
3D61534A21A0F,0,1,1,0
3D61534A21A10,0,1,0,1
3D61534A21A13,0,1,0,0
3D61534A21A14,0,1,0,0
3D61534A21A15,0,0,1,0
3D61534A21A16,0,1,0,0
3D61534A21A17,0,0,1,0
3D61534A21A18,0,1,0,0
3D61534A21A19,0,1,0,0
3D61534A21A1B,0,1,0,0
3D61534A21A1C,0,1,0,1
3D61534A21E05,0,1,0,0
3D61534A21E06,0,1,1,0
3D61534A21E07,0,1,0,0
3D61534A21E08,0,1,0,0
3D61534A21E09,0,1,0,0
3D61534A21E0A,0,1,0,0
3D61534A21E0B,0,1,0,0
3D61534A21E0C,0,1,0,0
3D61534A21E0D,0,1,0,0
3D61534A21E0E,0,1,0,0
3D61534A21E0F,0,1,0,0
3D61534A21E11,0,1,0,0
3D61534A21E12,0,1,0,0
3D61534A21E13,0,1,0,0
3D61534A21E14,0,1,0,0
3D61534A21E15,0,1,1,0
3D61534A21E16,0,1,0,0
3D61534A21E17,0,1,0,0
3D61534A21E18,0,1,0,0
3D61534A21E19,0,1,0,0
3D61534A21E1B,0,1,0,0
3D61534A21E1C,0,1,0,0
3D61534A21E1D,0,1,0,0
3D61534A21E1E,0,1,0,0
3D61534A21E1F,0,1,0,1
3D61534A21E20,0,1,0,0
3D61534A21E21,0,1,0,0
3D61534A21E22,0,1,0,0
3D61534A21E23,0,1,0,0
3D61534A21E24,0,1,0,0
3D61534A21E25,0,1,0,0
3D61534A21E27,0,0,1,0
3D61534A21E28,0,1,0,0
3D61534A21E29,0,1,0,0
3D61534A21E2A,0,1,0,0
3D61534A21E2B,0,1,0,0
3D61534A21E2C,0,1,0,0
3D61534A21E2D,0,1,0,0
3D61534A21E2E,0,1,0,0
3D61534A21E2F,0,1,0,0
3D61534A21E30,0,1,0,0
3D61534A21E31,0,1,0,0
3D61534A21E32,0,1,0,0
3D61534A21E33,0,1,0,0
3D61534A21E34,0,1,0,0
3D61534A21E35,0,1,0,0
3D61534A21E36,0,1,0,0
3D61534A21E37,0,1,0,0
3D61534A21E38,0,1,0,0
3D61534A21E39,0,1,0,0
3D61534A21E3A,0,0,1,0
3D61534A21E3B,0,1,1,0
3D61534A21E3C,0,1,0,0
3D61534A21E3D,0,1,0,0
3D61534A21E3E,0,1,0,0
3D61534A21E3F,0,1,0,0
3D61534A21E40,0,1,0,0
3D61534A21E41,0,1,0,0
3D61534A21E42,0,1,0,0
3D61534A21E43,0,1,0,1
3D61534A21E44,0,1,0,0
3D61534A21E46,0,1,0,0
3D61534A21E47,0,1,0,0
3D61534A21E48,0,1,0,0
3D61534A21E49,0,1,0,0
3D61534A21E4A,0,1,0,0
3D61534A21E4C,0,1,0,0
3D61534A21E4D,0,1,0,0
3D61534A21E4E,0,1,0,0
3D61534A21E4F,0,1,0,1
3D61534A21E50,0,1,0,0
3D61534A21E51,0,1,0,0
3D61534A21E52,0,1,0,0
3D61534A21E53,0,0,1,0
3D61534A21E54,0,1,0,0
3D61534A21E55,0,1,0,0
3D61534A21E56,0,1,0,0
3D61534A21E57,1,0,0,0
3D61534A21E58,0,0,1,0
3D61534A21E5A,1,0,0,0
3D61534A21E5B,1,0,0,0
3D61534A21E5C,1,0,0,0
3D61534A21E5D,0,0,1,0
3D61534A21E5E,1,0,1,0
3D61534A21E5F,1,0,0,0
3D61534A21E60,1,0,0,0
3D61534A21E61,1,0,0,0
3D61534A21E62,1,0,0,0
3D61534A21E63,0,0,1,0
3D61534A21E64,1,0,0,0
3D61534A21E65,1,0,0,0
3D61534A21E66,1,0,0,0
3D61534A21E67,1,0,0,0
3D61534A21E68,1,0,0,0
3D61534A21E69,1,0,0,0
3D61534A21E6A,1,0,0,0
3D61534A21E6B,1,0,0,0
3D61534A21E6C,0,0,1,0
3D61534A21E6D,1,0,0,0
3D61534A21E6E,1,0,0,0
3D61534A21E70,1,0,0,0
3D61534A21E71,1,0,0,0
3D61534A21E72,1,0,0,0
3D61534A21E73,1,0,0,0
3D61534A21E74,1,0,0,0
3D61534A21E75,1,0,0,0
3D61534A21E76,0,0,1,0
3D61534A21E78,0,0,1,0
3D61534A21E79,0,0,1,0
3D61534A21E7A,1,0,0,0
3D61534A21E7B,1,0,0,0
3D61534A21E7C,1,0,0,0
3D61534A21E7D,1,0,0,0
3D61534A21E7E,1,0,0,0
3D61534A21E7F,1,0,0,0
3D61534A21E80,1,0,0,0
3D61534A21E81,1,0,0,0
3D61534A21E82,0,0,1,0
3D61534A21E83,0,0,1,0
3D61534A21E84,0,0,1,0
3D61534A21E85,1,0,0,0
3D61534A21E86,1,0,0,0
3D61534A21E87,1,0,0,0
3D61534A21E88,1,0,0,0
3D61534A21E89,0,0,1,0
3D61534A21E8A,1,0,0,0
3D61534A21E8B,1,0,0,0
3D61534A21E8C,0,0,1,0
3D61534A21E8D,1,0,0,0
3D61534A21E8F,0,0,1,0
3D61534A21E90,1,0,0,0
3D61534A21E91,0,0,1,0
3D61534A21E92,0,0,1,0
3D61534A21E93,1,0,0,0
3D61534A21E94,1,0,0,0
3D61534A21E95,1,0,1,0
3D61534A21E96,0,0,1,0
3D61534A21E97,1,0,0,0
3D61534A21E98,1,0,0,0
3D61534A21E99,0,0,1,0
3D61534A21E9A,0,0,1,0
3D61534A21E9B,0,0,1,0
3D61534A21E9C,1,0,0,0
3D61534A21E9D,1,0,0,0
3D61534A21E9E,0,0,1,0
3D61534A21E9F,1,0,0,0
3D61534A21EA0,1,1,0,0
3D61534A21EA1,0,0,1,0
3D61534A21EA2,0,0,1,0
3D61534A21EA5,1,0,0,0
3D61534A21EA6,1,0,0,0
3D61534A21EA7,0,0,1,0
3D61534A21EA8,1,0,0,0
3D61534A21EA9,1,0,0,0
3D61534A21EAA,1,0,0,1
3D61534A21EAB,1,0,0,0
3D61534A21EAC,0,0,1,0
3D61534A21EAD,1,0,0,0
3D61534A21EAE,1,0,0,0
3D61534A21EAF,1,0,0,0
3D61534A21EB0,1,0,0,0
3D61534A21EB1,0,0,1,0
3D61534A21EB4,1,0,0,0
3D61534A21EB5,0,0,1,0
3D61534A21EB6,1,0,0,0
3D61534A21EB7,1,0,0,0
3D61534A21EB8,1,0,0,0
3D61534A21EB9,1,0,0,0
3D61534A21EBA,1,0,0,0
3D61534A21EBB,1,0,0,0
3D61534A21EBC,1,0,0,0
3D61534A21EBD,1,0,1,0
3D61534A21EBE,1,0,0,0
3D61534A21EBF,1,0,0,0
3D61534A21EC1,1,0,0,0
3D61534A21EC2,1,0,0,0
3D61534A21EC3,1,0,0,0
3D61534A21EC4,1,0,0,0
3D61534A21EC5,1,0,0,0
3D61534A21EC6,1,0,0,0
3D61534A21EC7,1,0,0,0
3D61534A21EC8,1,0,0,0
3D61534A21EC9,1,0,0,0
3D61534A21ECA,1,0,0,0
3D61534A21ECB,1,0,0,0
3D61534A21ECC,1,0,0,0
3D61534A21ECD,1,0,0,0
3D61534A21ECF,1,0,0,0
3D61534A21ED0,1,0,0,0
3D61534A21ED1,1,0,0,0
3D61534A21ED2,1,0,0,0
3D61534A21ED3,1,0,0,0
3D61534A21ED4,1,0,0,0
3D61534A21ED5,1,0,0,1
3D61534A21ED6,1,0,0,0
3D61534A21ED7,1,0,0,0
3D61534A21ED8,1,0,0,0
3D61534A21ED9,1,0,0,0
3D61534A21EDA,1,0,0,0
3D61534A21EDB,1,0,0,0
3D61534A21EDC,1,0,0,0
3D61534A21EDD,1,0,0,0
3D61534A21EDE,1,0,0,0
3D61534A21EDF,1,0,0,0
3D61534A21EE0,1,0,0,0
3D61534A21EE1,1,0,0,0
3D61534A21EE2,1,0,0,0
3D61534A21EE3,1,0,0,0
3D61534A21EE4,1,0,0,0
3D61534A21EE5,1,0,0,0
3D61534A21EE6,1,0,0,0
3D61534A21EE7,1,0,0,0
3D61534A21EE8,1,0,0,0
3D61534A21EE9,1,0,0,0
3D61534A21EEA,1,0,0,0
3D61534A21EEB,1,0,0,0
3D61534A21EEC,1,0,1,0
3D61534A21EED,1,0,0,0
3D61534A21EEE,1,0,0,0
3D61534A21EEF,1,0,0,0
3D61534A21EF0,1,0,0,0
3D61534A21EF1,1,0,0,0
3D61534A21EF2,1,0,0,0
3D61534A21EF3,1,0,0,0
3D61534A21EF5,1,0,1,0
3D61534A21EF7,1,0,0,0
3D61534A21EF8,1,0,0,0
3D61534A21EF9,1,0,0,0
3D61534A21EFA,1,0,0,0
3D61534A21EFB,1,0,0,0
3D61534A21EFC,1,0,0,1
3D61534A21EFD,1,0,0,0
3D61534A21EFE,1,0,0,0
3D61534A21EFF,1,0,0,0
3D61534A21F00,1,0,0,0
3D61534A21F01,1,0,0,0
3D61534A21F02,1,0,0,0
3D61534A21F03,1,0,0,0
3D61534A21F04,1,0,1,0
3D61534A21F05,1,0,0,0
3D61534A21F06,1,0,0,0
3D61534A21F07,1,0,0,0
3D61534A21F08,1,0,0,0
3D61534A21F09,1,0,0,0
3D61534A21F0A,1,0,0,0
3D61534A21F0B,1,1,0,0
3D61534A21F0C,1,0,0,0
3D61534A21F0D,1,0,0,0
3D61534A21F0E,1,0,0,0
3D61534A21F0F,1,0,0,0
3D61534A21F10,1,0,0,0
3D61534A21F11,1,0,0,0
3D61534A21F12,1,0,0,0
3D61534A21F13,1,0,0,0
3D61534A21F14,1,0,0,0
3D61534A21F15,1,0,0,0
3D61534A21F16,1,0,0,0
3D61534A21F17,1,0,0,0
3D61534A21F18,1,0,0,0
3D61534A21F19,1,0,0,0
3D61534A21F1A,1,0,0,0
3D61534A21F1B,1,0,0,0
3D61534A21F1C,1,0,0,0
3D61534A21F1D,1,0,0,0
3D61534A21F1E,1,0,0,0
3D61534A21F1F,1,0,0,0
3D61534A21F20,1,0,0,0
3D61534A21F22,1,0,0,0
3D61534A21F23,1,0,0,0
3D61534A21F24,1,0,0,0
3D61534A21F25,1,0,0,0
3D61534A21F26,1,0,0,0
3D61534A21F27,1,0,0,0
3D61534A21F28,1,0,0,0
3D61534A21F2A,1,0,0,0
3D61534A21F2B,1,0,1,0
3D61534A21F2C,1,0,0,0
3D61534A21F2D,1,0,0,0
3D61534A21F2E,1,0,0,0
3D61534A21F2F,1,0,0,0
3D61534A21F30,1,0,0,0
3D61534A21F31,1,0,0,0
3D61534A21F32,1,0,1,0
3D61534A21F33,1,0,0,0
3D61534A21F34,1,0,0,0
3D61534A21F35,1,0,0,0
3D61534A21F36,1,0,0,0
3D61534A21F37,1,0,0,0
3D61534A21F38,1,0,0,0
3D61534A21F39,1,0,0,0
3D61534A21F3A,1,0,0,0
3D61534A21F3B,1,0,0,0
3D61534A21F3C,1,0,0,0
3D61534A21F3D,1,0,0,0
3D61534A21F3E,1,0,0,0
3D61534A21F3F,1,0,0,0
3D61534A21F40,1,0,0,0
3D61534A21F41,1,0,0,0
3D61534A21F44,1,0,0,0
3D61534A21F45,1,0,0,0
3D61534A21F46,1,0,0,0
3D61534A21F47,1,0,0,0
3D61534A21F48,1,0,0,0
3D61534A21F49,1,0,0,0
3D61534A21F4A,1,0,0,0
3D61534A21F4B,1,0,0,0
3D61534A21F4C,1,0,0,0
3D61534A21F4D,1,0,0,0
3D61534A21F4E,1,0,0,0
3D61534A21F4F,1,1,0,0
3D61534A21F50,1,0,0,0
3D61534A21F51,1,0,0,0
3D61534A21F52,1,0,0,0
3D61534A21F53,1,0,0,0
3D61534A21F54,1,0,0,0
3D61534A21F55,0,0,0,1
3D61534A21F57,1,0,0,0
3D61534A21F58,1,0,0,0
3D61534A21F59,1,0,0,0
3D61534A21F5A,1,0,0,0
3D61534A21F5B,1,0,0,0
3D61534A21F5C,1,0,0,0
3D61534A21F5D,1,0,0,0
3D61534A21F5E,1,0,0,0
3D61534A21F5F,1,0,0,0
3D61534A21F60,1,0,0,0
3D61534A21F61,1,1,0,0
3D61534A21F62,1,0,0,0
3D61534A21F63,1,0,0,0
3D61534A21F64,1,0,0,0
3D61534A21F65,1,0,0,0
3D61534A21F66,1,0,0,0
3D61534A21F67,1,0,0,0
3D61534A21F68,1,0,0,0
3D61534A21F69,1,0,0,0
3D61534A21F6A,1,0,0,0
3D61534A21F6B,1,0,0,0
3D61534A21F6C,1,0,0,0
3D61534A21F6D,1,0,0,0
3D61534A21F6E,1,0,0,0
3D61534A21F6F,1,0,0,0
3D61534A21F70,1,0,0,0
3D61534A21F71,1,0,0,0
3D61534A21F72,1,0,0,0
3D61534A21F73,1,0,0,0
3D61534A21F74,1,0,0,0
3D61534A21F75,1,0,0,0
3D61534A21F78,1,0,0,0
3D61534A21F79,1,0,0,0
3D61534A21F7A,1,0,0,0
3D61534A21F7B,1,0,0,0
3D61534A21F7C,1,0,0,0
3D61534A21F7D,1,0,0,0
3D61534A21F7E,1,0,0,0
3D61534A21F7F,1,0,0,0
3D61534A21F80,1,0,0,0
3D61534A21F81,1,0,0,0
3D61534A21F82,1,0,0,0
3D61534A22A75,0,1,0,0
3D61534A22A79,1,0,0,0
3D61534A22A7A,1,1,0,0
3D61534A22A7B,0,1,0,0
3D61534A22A7D,0,1,0,0
3D61534A22A7F,0,1,0,0
3D61534A22A81,1,0,0,0
3D61534A22A82,0,1,0,0
3D61534A22A85,1,0,0,0
3D61534A22A87,1,0,0,0
3D61534A22A88,0,1,0,0
3D61534A22A8B,1,0,1,0
3D61534A22A8F,1,0,0,0
3D61534A22A91,1,0,0,0
3D61534A22A93,1,0,0,0
3D61534A22A99,1,0,0,0
3D61534A22A9C,0,1,0,0
3D61534A22A9D,1,0,0,0
3D61534A22A9E,0,1,0,0
3D61534A22AA4,1,0,0,0
3D61534A22AA9,1,0,0,0
3D61534A22AAA,0,1,0,0
3D61534A22AAE,1,0,0,0
3D61534A22AAF,1,0,0,0
3D61534A22AB3,0,1,0,0
3D61534A22AB7,1,0,0,0
3D61534A22ABC,1,0,0,0
3D61534A22AC1,0,1,0,0
3D61534A22AC3,1,0,0,0
3D61534A22AC4,0,1,0,0
3D61534A22AC7,0,1,0,0
3D61534A22AC8,0,1,0,0
3D61534A22ACA,1,0,0,0
3D61534A22ACB,1,0,0,0
3D61534A22ACD,1,0,0,0
3D61534A22AD0,1,0,0,0
3D61534A22AD1,0,1,0,0
3D61534A22AD5,1,0,0,0
3D61534A22AD7,1,0,0,0
3D61534A22AD8,0,1,0,0
3D61534A22AD9,1,0,0,0
3D61534A22ADA,1,0,0,0
3D61534A22ADB,1,0,0,0
3D61534A22ADC,1,0,0,0
3D61534A22ADD,1,0,0,0
3D61534A22ADE,1,0,0,0
3D61534A22ADF,1,0,0,0
3D61534A22AE0,1,0,0,0
3D61534A22AE1,1,0,0,0
3D61534A22AE2,1,0,0,0
3D61534A22AE4,1,0,0,0
3D61534A22AE5,1,0,0,0
3D61534A22AE6,1,0,0,0
3D61534A22AE7,1,0,0,0
3D61534A22AE8,1,0,0,0
3D61534A22AE9,1,0,0,0
3D61534A22AEA,1,0,0,0
3D61534A22AEC,1,0,0,0
3D61534A22AED,1,0,0,0
3D61534A22AEE,1,1,0,1
3D61534A22AEF,1,0,0,0
3D61534A22AF0,1,0,0,0
3D61534A22AF1,1,0,0,0
3D61534A22AF2,1,0,0,0
3D61534A22AF3,1,0,0,0
3D61534A22AF4,1,0,0,0
3D61534A22AF5,1,0,0,0
3D61534A22AF6,1,0,0,0
3D61534A22AF7,1,0,0,0
3D61534A22AF8,1,0,0,0
3D61534A22AF9,1,0,0,0
3D61534A22AFA,1,0,0,0
3D61534A22AFB,1,0,0,0
3D61534A22AFC,1,1,0,0
3D61534A22AFE,1,0,0,0
3D61534A22AFF,1,0,0,0
3D61534A22B00,1,0,0,0
3D61534A22B01,1,1,0,0
3D61534A22B02,1,0,0,0
3D61534A22B03,1,0,0,0
3D61534A22B04,1,0,0,0
3D61534A22B05,1,0,1,0
3D61534A22B06,1,0,1,0
3D61534A22B07,1,0,0,0
3D61534A22B08,1,0,0,0
3D61534A22B0A,1,0,0,0
3D61534A22B0C,1,0,0,0
3D61534A22B0D,1,0,0,0
3D61534A22B10,1,0,0,0
3D61534A22B11,1,0,0,0
3D61534A22B12,1,0,0,0
3D61534A22B13,1,0,0,0
3D61534A22B14,1,0,0,0
3D61534A22B15,1,0,0,0
3D61534A22B17,1,0,0,0
3D61534A22B19,1,0,0,0
3D61534A22B1A,1,0,0,0
3D61534A22B1B,1,0,0,0
3D61534A22B1C,1,0,1,1
3D61534A22B1D,1,0,0,0
3D61534A22B1E,1,0,0,0
3D61534A22B1F,1,0,0,0
3D61534A22B21,1,0,0,0
3D61534A22B22,1,0,0,0
3D61534A22B23,1,1,0,0
3D61534A22B24,1,0,0,0
3D61534A22B25,1,0,1,0
3D61534A22B26,1,0,0,0
3D61534A22B27,1,0,0,0
3D61534A22B28,1,0,0,0
3D61534A22B29,1,0,0,0
3D61534A22B2A,1,1,0,0
3D61534A22B2B,1,0,1,0
3D61534A22B2C,1,0,0,0
3D61534A22B2D,1,0,0,0
3D61534A22B2E,1,0,0,0
3D61534A22B2F,1,0,0,0
3D61534A22B30,1,0,0,0
3D61534A22B31,1,0,0,0
3D61534A22B32,1,0,0,0
3D61534A22B33,1,0,0,0
3D61534A22B34,1,0,0,0
3D61534A22B35,1,0,0,0
3D61534A22B36,1,0,0,0
3D61534A22B37,1,0,0,0
3D61534A22B38,1,0,0,0
3D61534A22B39,1,0,0,0
3D61534A22B3A,1,0,0,0
3D61534A22B3B,1,0,0,0
3D61534A22B3C,1,0,0,0
3D61534A22B3D,1,0,0,0
3D61534A22B3E,1,0,0,0
3D61534A22B3F,1,0,0,0
3D61534A22B40,1,0,0,0
3D61534A22B41,1,0,0,0
3D61534A22B42,1,0,0,0
3D61534A22B43,1,0,0,0
3D61534A22B44,1,0,0,0
3D61534A22B45,1,0,0,0
3D61534A22B46,1,0,1,0
3D61534A22B47,1,0,0,0
3D61534A22B48,1,0,0,0
3D61534A22B49,1,0,0,0
3D61534A22B4A,1,0,0,0
3D61534A22B4C,1,0,0,0
3D61534A22B4D,1,0,0,0
3D61534A22B4E,1,0,0,0
3D61534A22B4F,1,0,0,0
3D61534A22B50,1,0,0,0
3D61534A22B51,1,0,0,0
3D61534A22B52,1,0,0,0
3D61534A22B53,1,0,0,0
3D61534A22B54,1,0,0,0
3D61534A22B56,1,0,0,0
3D61534A22B57,1,0,0,0
3D61534A22B58,1,0,0,0
3D61534A22B59,1,0,0,0
3D61534A22B5A,1,0,0,0
3D61534A22B5C,1,0,0,0
3D61534A22B5D,1,0,0,0
3D61534A22B5E,1,0,0,0
3D61534A22B5F,1,0,0,0
3D61534A22B60,1,0,1,0
3D61534A22B61,1,0,0,0
3D61534A22B64,1,0,0,0
3D61534A22B65,1,0,0,0
3D61534A22B66,1,0,0,0
3D61534A22B67,1,0,0,0
3D61534A22B68,1,0,0,0
3D61534A22B69,1,1,0,0
3D61534A22B6A,1,0,0,0
3D61534A22B6B,1,0,0,0
3D61534A22B6C,1,0,0,0
3D61534A22B6D,1,0,0,0
3D61534A22B6E,1,0,0,0
3D61534A22B6F,1,0,0,0
3D61534A22B70,1,0,0,0
3D61534A22B71,1,0,0,0
3D61534A22B72,0,1,0,0
3D61534A22B73,0,1,0,0
3D61534A22B74,1,0,0,0
3D61534A22B75,1,0,0,0
3D61534A22B77,1,0,0,0
3D61534A22B78,1,0,0,0
3D61534A22B79,1,0,1,0
3D61534A22B7A,1,0,0,0
3D61534A22B7B,1,0,0,0
3D61534A22B7C,1,0,0,0
3D61534A22B7D,1,0,0,0
3D61534A22B7E,1,0,0,0
3D61534A22B7F,1,0,0,0
3D61534A22B80,1,0,0,0
3D61534A22B81,1,0,0,0
3D61534A22B82,1,0,0,0
3D61534A22B83,1,0,0,0
3D61534A22B84,1,0,1,0
3D61534A22B85,1,0,0,0
3D61534A22B86,1,0,0,0
3D61534A22B87,1,0,0,0
3D61534A22B88,1,0,0,0
3D61534A22B89,0,1,0,0
3D61534A22B8A,0,1,0,0
3D61534A22B8B,1,1,0,0
3D61534A22B8C,1,0,0,0
3D61534A22B8D,1,0,0,0
3D61534A22B90,1,0,0,0
3D61534A22B91,1,0,0,0
3D61534A22B92,0,1,0,0
3D61534A22B93,1,0,0,0
3D61534A22B94,1,0,0,0
3D61534A22B95,0,1,0,0
3D61534A22B96,1,0,0,0
3D61534A22B98,1,0,0,0
3D61534A22B99,1,0,0,0
3D61534A22B9A,1,0,0,0
3D61534A22B9B,0,1,0,0
3D61534A22B9C,1,0,0,0
3D61534A22B9D,1,0,0,0
3D61534A22B9E,1,0,0,0
3D61534A22B9F,0,1,0,0
3D61534A22BA1,1,0,0,0
3D61534A22BA2,1,0,0,0
3D61534A22BA3,1,0,0,0
3D61534A22BA4,1,0,0,0
3D61534A22BA5,1,0,0,0
3D61534A22BA6,1,0,0,0
3D61534A22BA8,1,0,0,0
3D61534A22BA9,1,0,0,0
3D61534A22BAA,1,0,0,0
3D61534A22BAB,1,0,0,0
3D61534A22BAC,1,0,0,0
3D61534A22BAD,1,0,0,0
3D61534A22BAE,1,0,0,0
3D61534A22BAF,1,0,0,0
3D61534A22BB0,1,1,0,0
3D61534A22BB1,1,0,0,0
3D61534A22BB2,1,0,0,0
3D61534A22BB3,1,0,1,0
3D61534A22BB4,1,0,0,0
3D61534A22BB5,1,0,0,0
3D61534A22BB6,1,0,0,1
3D61534A22BB7,1,0,0,0
3D61534A22BB8,1,0,0,0
3D61534A22BB9,1,0,0,0
3D61534A22BBB,1,0,0,0
3D61534A22BBC,1,0,0,0
3D61534A22BBD,1,0,0,0
3D61534A22BBE,1,0,0,0
3D61534A22BBF,1,0,0,0
3D61534A22BC0,1,0,0,0
3D61534A22BC1,1,0,0,0
3D61534A22BC4,1,0,1,0
3D61534A22BC5,1,0,0,0
3D61534A22BC6,1,0,0,0
3D61534A22BC8,1,0,0,0
3D61534A22BC9,1,0,0,0
3D61534A22BCA,1,0,0,0
3D61534A22BCB,1,0,0,0
3D61534A22BCC,1,1,0,0
3D61534A22BCD,1,0,0,1
3D61534A22BCE,1,0,0,0
3D61534A22BCF,1,0,0,0
3D61534A22BD0,1,0,0,0
3D61534A22BD1,1,0,0,0
3D61534A22BD2,1,0,0,0
3D61534A22BD3,1,0,0,0
3D61534A22BD5,1,0,1,0
3D61534A22BD7,1,0,0,0
3D61534A22BD9,1,0,0,1
3D61534A22BDA,1,0,0,0
3D61534A22BDB,1,0,0,0
3D61534A22BDC,1,0,0,0
3D61534A22BDD,1,0,0,0
3D61534A22BDE,1,0,0,0
3D61534A22BDF,1,0,0,0
3D61534A22BE0,1,0,0,0
3D61534A22BE1,1,0,0,0
3D61534A22BE2,1,0,0,0
3D61534A22BE4,1,0,0,0
3D61534A22BE5,1,0,0,0
3D61534A22BE6,1,0,0,0
3D61534A22BE7,1,0,0,0
3D61534A22BE8,1,0,0,0
3D61534A22BE9,1,0,0,0
3D61534A22BEA,1,0,0,0
3D61534A22BEB,1,0,0,0
3D61534A22BEC,1,0,0,0
3D61534A22BED,1,0,0,0
3D61534A22BEE,1,0,0,0
3D61534A22BEF,1,0,0,0
3D61534A22BF0,1,0,0,0
3D61534A22BF1,1,0,0,0
3D61534A22BF3,1,0,0,0
3D61534A22BF5,1,0,0,0
3D61534A22BF6,1,0,0,0
3D61534A22BF7,1,0,0,0
3D61534A22BF8,1,1,0,0
3D61534A22BFB,1,0,0,0
3D61534A22BFC,1,0,0,0
3D61534A22BFE,1,0,0,0
3D61534A22BFF,1,0,0,0
3D61534A22C00,1,0,0,0
3D61534A22C01,1,0,0,0
3D61534A22C02,1,0,0,0
3D61534A22C03,1,0,0,0
3D61534A22C05,1,0,0,0
3D61534A22C06,1,0,0,0
3D61534A22C07,1,0,0,0
3D61534A22C08,1,0,0,0
3D61534A22C09,1,1,0,0
3D61534A22C0A,1,0,0,0
3D61534A22C0B,1,0,0,0
3D61534A22C0C,1,0,0,0
3D61534A22C0E,1,0,0,0
3D61534A22C0F,1,0,0,0
3D61534A22C10,1,0,0,0
3D61534A22C11,1,0,0,0
3D61534A22C12,1,0,0,0
3D61534A22C13,1,0,0,0
3D61534A22C14,1,0,0,0
3D61534A22C15,1,0,0,0
3D61534A22C16,1,1,0,0
3D61534A22C17,1,0,0,0
3D61534A22C18,1,0,0,0
3D61534A22C19,1,0,0,0
3D61534A22C1A,1,0,0,0
3D61534A22C1B,1,0,0,0
3D61534A22C1C,1,0,0,0
3D61534A22C1D,1,0,0,0
3D61534A22C1E,1,1,0,0
3D61534A22C1F,1,0,0,0
3D61534A22C20,1,0,0,0
3D61534A22C21,1,0,0,0
3D61534A22C22,1,0,0,0
3D61534A22C23,1,0,0,0
3D61534A22C24,1,0,0,0
3D61534A22C25,1,0,0,0
3D61534A22C26,1,0,0,0
3D61534A22C27,1,0,0,0
3D61534A22C28,1,0,0,0
3D61534A22C29,1,0,0,0
3D61534A22C2A,1,0,0,0
3D61534A22C2B,1,0,0,0
3D61534A22C2C,1,0,0,0
3D61534A22C2D,1,0,0,0
3D61534A22C2E,1,0,0,0
3D61534A22C2F,1,0,0,0
3D61534A22C30,1,1,0,0
3D61534A22C31,1,0,0,0
3D61534A22C32,1,0,0,0
3D61534A22C33,1,0,0,0
3D61534A22C34,1,0,0,0
3D61534A22C35,1,0,0,0
3D61534A22C36,1,0,0,0
3D61534A22C37,1,0,0,0
3D61534A22C38,1,0,0,0
3D61534A22C39,1,0,0,0
3D61534A22C3A,1,0,1,0
3D61534A22C3B,1,0,0,0
3D61534A22C3C,1,0,0,0
3D61534A22C3D,1,0,0,0
3D61534A22C3E,1,0,0,0
3D61534A22C41,1,0,0,0
3D61534A22C43,1,0,0,0
3D61534A22C45,1,0,0,0
3D61534A22C48,1,0,0,0
3D61534A22C49,1,0,0,0
3D61534A22C4A,1,0,0,0
3D61534A22C4B,1,0,0,0
3D61534A22C4C,1,0,0,0
3D61534A22C4D,1,1,0,0
3D61534A22C4E,1,0,0,0
3D61534A22C4F,1,0,0,0
3D61534A22C50,1,0,0,0
3D61534A22C52,1,0,0,0
3D61534A22C53,1,0,0,0
3D61534A22C54,1,0,0,0
3D61534A22C55,1,0,0,0
3D61534A22C57,1,0,0,0
3D61534A22C58,1,0,0,0
3D61534A22C59,1,0,0,0
3D61534A22C5B,1,0,0,0
3D61534A22C5C,1,0,0,0
3D61534A22C5E,1,0,0,0
3D61534A22C5F,1,0,0,0
3D61534A22C62,1,0,0,0
3D61534A22C63,1,0,0,0
3D61534A22C66,1,0,0,0
3D61534A22C67,1,0,1,0
3D61534A22C68,1,0,1,0
3D61534A22C69,1,0,0,0
3D61534A22C6A,1,0,0,0
3D61534A22C6C,1,0,0,0
3D61534A22C6E,1,0,0,0
3D61534A22C6F,1,0,0,0
3D61534A22C70,1,0,0,0
3D61534A22C71,1,0,0,0
3D61534A22C72,1,0,0,0
3D61534A22C73,1,0,0,0
3D61534A22C74,1,0,0,0
3D61534A22C77,1,0,0,0
3D61534A22C78,1,0,0,0
3D61534A22C79,1,0,0,0
3D61534A22C7A,1,0,0,0
3D61534A22C7B,1,0,0,0
3D61534A22C7C,1,0,0,0
3D61534A22C7D,1,0,0,0
3D61534A22C7E,1,0,0,0
3D61534A22C7F,1,0,0,0
3D61534A22C80,1,0,0,0
3D61534A22C82,1,0,0,0
3D61534A22C83,1,0,0,0
3D61534A22C84,1,0,0,0
3D61534A22C85,1,0,0,0
3D61534A22C86,1,0,0,0
3D61534A22C87,1,0,0,0
3D61534A22C88,1,0,0,0
3D61534A22C89,1,0,0,0
3D61534A22C8B,1,0,1,0
3D61534A22C8C,1,0,0,0
3D61534A22C8D,1,0,0,0
3D61534A22C8E,1,0,0,0
3D61534A22C8F,1,0,0,0
3D61534A22C91,1,0,0,0
3D61534A22C92,1,0,0,0
3D61534A22C93,1,0,0,0
3D61534A22C94,1,0,0,0
3D61534A22C95,1,0,0,0
3D61534A22C96,1,0,0,0
3D61534A22C97,1,0,0,0
3D61534A22C98,1,0,0,0
3D61534A22C99,1,0,0,0
3D61534A22C9A,1,0,0,0
3D61534A22C9B,1,0,0,0
3D61534A22C9C,1,0,0,0
3D61534A22C9D,1,0,0,0
3D61534A22C9E,1,0,0,0
3D61534A22CA0,1,0,1,0
3D61534A22CA1,1,0,0,0
3D61534A22CA2,1,0,0,0
3D61534A22CA3,1,0,0,0
3D61534A22CA4,1,0,1,0
3D61534A22CA5,1,0,0,0
3D61534A22CA7,1,0,0,1
3D61534A22CA8,1,0,0,0
3D61534A22CAA,1,0,0,0
3D61534A22CAB,1,0,0,0
3D61534A22CAC,1,0,0,0
3D61534A22CAD,1,0,0,0
3D61534A22CAE,1,0,0,0
3D61534A22CAF,0,1,0,0
3D61534A22CB0,1,0,0,0
3D61534A22CB1,1,0,0,0
3D61534A22CB2,1,0,0,0
3D61534A22CB3,1,0,0,0
3D61534A22CB4,1,0,0,0
3D61534A22CB5,1,0,0,0
3D61534A22CB7,1,0,0,0
3D61534A22CB9,1,0,0,0
3D61534A22CBA,1,0,0,0
3D61534A22CBB,1,0,0,0
3D61534A22CBC,1,0,0,0
3D61534A22CBD,1,0,0,0
3D61534A22CBE,1,0,0,0
3D61534A22CBF,1,0,0,0
3D61534A22CC0,1,0,0,0
3D61534A22CC2,1,0,0,0
3D61534A22CC3,1,0,0,0
3D61534A22CC4,1,1,0,1
3D61534A22CC5,1,0,0,0
3D61534A22CC6,1,0,1,0
3D61534A22CC7,1,0,0,0
3D61534A22CC8,1,0,0,0
3D61534A22CC9,1,0,0,0
3D61534A22CCA,1,0,0,0
3D61534A22CCB,1,0,0,0
3D61534A22CCD,1,0,0,0
3D61534A22CCE,1,0,0,0
3D61534A22CD0,0,1,0,0
3D61534A22CD1,1,0,0,0
3D61534A22CD2,1,0,0,0
3D61534A22CD3,0,1,0,0
3D61534A22CD5,1,0,0,0
3D61534A22CD7,1,0,1,0
3D61534A22CD8,1,0,0,0
3D61534A22CD9,1,0,0,0
3D61534A22CDA,1,0,0,0
3D61534A22CDB,1,0,0,0
3D61534A22CDD,1,0,0,0
3D61534A22CDE,1,0,0,0
3D61534A22CDF,0,1,0,0
3D61534A22CE0,1,0,0,0
3D61534A22CE2,0,1,0,0
3D61534A22CE3,1,0,0,0
3D61534A22CE4,1,1,0,0
3D61534A22CE5,1,0,0,0
3D61534A22CE6,1,0,0,0
3D61534A22CE9,1,0,0,0
3D61534A22CEA,1,0,0,1
3D61534A22CEE,1,0,0,0
3D61534A22CEF,1,0,0,0
3D61534A22CF1,1,0,0,0
3D61534A22CF2,1,0,0,0
3D61534A22CF3,1,0,0,0
3D61534A22CF4,1,0,0,0
3D61534A22CF5,1,0,0,0
3D61534A22CF6,1,0,0,0
3D61534A22CF8,1,0,0,0
3D61534A22CF9,1,0,0,0
3D61534A22CFA,0,1,0,0
3D61534A22CFB,1,0,0,0
3D61534A22CFC,1,0,0,0
3D61534A22CFD,1,0,0,0
3D61534A22CFE,1,0,0,0
3D61534A22CFF,0,1,0,0
3D61534A22D01,1,0,0,0
3D61534A22D02,1,0,0,0
3D61534A22D03,1,0,0,0
3D61534A22D05,1,0,0,0
3D61534A22D06,1,0,0,0
3D61534A22D07,1,0,0,0
3D61534A22D08,1,0,0,0
3D61534A22D09,1,0,0,0
3D61534A22D0C,1,0,0,1
3D61534A22D0D,1,0,0,0
3D61534A22D0E,1,0,0,1
3D61534A22D0F,1,0,0,0
3D61534A22D11,1,0,0,0
3D61534A22D12,1,0,0,0
3D61534A22D13,1,0,0,0
3D61534A22D14,1,0,0,0
3D61534A22D15,1,0,0,0
3D61534A22D17,0,1,0,0
3D61534A22D18,0,1,0,0
3D61534A22D19,1,0,1,0
3D61534A22D1A,1,0,0,0
3D61534A22D1B,1,0,0,0
3D61534A22D1C,1,0,1,0
3D61534A22D1E,1,0,0,0
3D61534A22D1F,1,0,0,0
3D61534A22D20,0,1,0,0
3D61534A22D21,1,0,0,0
3D61534A22D22,1,0,0,0
3D61534A22D23,1,0,0,0
3D61534A22D24,0,1,0,0
3D61534A22D25,1,0,0,0
3D61534A22D26,1,0,0,0
3D61534A22D27,1,0,0,0
3D61534A22D28,1,0,0,0
3D61534A22D2A,1,0,0,0
3D61534A22D2B,1,0,0,0
3D61534A22D2C,1,0,0,0
3D61534A22D2D,1,0,0,0
3D61534A22D2E,1,0,0,0
3D61534A22D2F,1,0,0,0
3D61534A22D30,0,1,0,0
3D61534A22D31,1,0,0,0
3D61534A22D32,1,0,0,0
3D61534A22D33,0,1,0,0
3D61534A22D34,0,1,0,0
3D61534A22D35,0,1,0,0
3D61534A22D39,0,1,0,0
3D61534A22D3D,0,1,0,0
3D61534A22D3E,0,1,0,0
3D61534A22D3F,1,0,0,0
3D61534A22D41,0,1,0,0
3D61534A22D42,0,1,0,0
3D61534A22D43,0,1,0,0
3D61534A22D44,1,0,0,0
3D61534A22D45,0,1,0,0
3D61534A22D47,0,1,1,0
3D61534A22D48,0,1,0,0
3D61534A22D49,0,1,0,0
3D61534A22D4C,0,1,0,0
3D61534A22D4E,0,1,0,0
3D61534A22D50,0,1,0,0
3D61534A22D52,0,1,0,0
3D61534A22D54,1,0,1,0
3D61534A22D55,1,0,0,0
3D61534A22D56,0,1,0,0
3D61534A22D57,0,1,0,0
3D61534A22D58,0,1,0,0
3D61534A22D5A,1,0,0,0
3D61534A22D5B,0,1,0,0
3D61534A22D5C,0,1,0,0
3D61534A22D5D,0,1,0,0
3D61534A22D5E,0,1,0,0
3D61534A22D60,0,1,0,0
3D61534A22D61,0,1,0,1
3D61534A22D64,1,0,0,0
3D61534A22D65,0,1,0,0
3D61534A22D67,0,1,0,0
3D61534A22D68,1,0,0,0
3D61534A22D69,0,1,0,0
3D61534A22D6D,0,1,0,0
3D61534A22D6F,1,0,0,0
3D61534A22D70,0,1,0,0
3D61534A22D71,0,1,0,0
3D61534A22D72,0,1,0,0
3D61534A22D73,0,1,0,0
3D61534A22D74,0,1,0,0
3D61534A22D75,1,0,0,0
3D61534A22D76,0,1,0,0
3D61534A22D77,0,1,0,0
3D61534A22D78,0,1,0,0
3D61534A22D79,0,1,0,0
3D61534A22D7A,0,1,0,0
3D61534A22D7D,0,1,0,0
3D61534A22D7E,1,0,0,0
3D61534A22D7F,1,0,0,0
3D61534A22D80,1,0,0,0
3D61534A22D81,0,1,0,0
3D61534A22D83,1,0,0,0
3D61534A22D85,0,1,0,0
3D61534A22D86,0,1,0,0
3D61534A22D87,0,1,0,0
3D61534A22D88,0,1,0,0
3D61534A22D89,0,1,0,0
3D61534A22D8A,0,1,0,0
3D61534A22D8B,0,1,0,0
3D61534A22D8C,1,0,0,0
3D61534A22D8E,1,0,0,0
3D61534A22D8F,1,0,0,0
3D61534A22D90,1,1,0,0
3D61534A22D91,0,1,0,0
3D61534A22D93,1,0,0,0
3D61534A22D94,0,1,0,0
3D61534A22D96,1,0,0,0
3D61534A22D97,0,1,0,0
3D61534A22D98,0,1,0,0
3D61534A22D99,0,1,0,0
3D61534A22D9A,0,1,0,0
3D61534A22D9B,0,1,0,0
3D61534A22D9C,0,1,0,0
3D61534A22D9D,0,1,0,0
3D61534A22D9F,0,1,0,0
3D61534A22DA1,0,1,0,0
3D61534A22DA3,0,1,0,0
3D61534A22DA4,0,1,0,0
3D61534A23575,0,1,0,0
3D61534A23576,0,1,0,0
3D61534A23577,0,1,0,0
3D61534A23578,0,1,0,0
3D61534A23579,0,1,0,0
3D61534A2357A,0,1,0,0
3D61534A2357C,0,1,0,0
3D61534A2357D,0,1,0,0
3D61534A2357E,0,1,0,0
3D61534A2357F,0,1,0,0
3D61534A23580,0,1,0,0
3D61534A23582,0,1,0,0
3D61534A23583,0,1,0,0
3D61534A23584,1,0,0,0
3D61534A23585,0,1,0,0
3D61534A23586,0,1,0,0
3D61534A23587,0,1,0,0
3D61534A23588,0,1,0,0
3D61534A23589,0,1,0,0
3D61534A2358A,0,1,0,0
3D61534A2358B,0,1,0,0
3D61534A2358C,0,1,0,0
3D61534A2358E,0,1,0,0
3D61534A2358F,1,0,0,0
3D61534A23590,0,1,1,0
3D61534A23592,0,1,0,1
3D61534A23593,0,1,0,0
3D61534A23594,0,1,0,0
3D61534A23595,0,1,0,0
3D61534A23596,0,1,0,0
3D61534A23597,0,1,0,0
3D61534A23598,0,1,0,0
3D61534A23599,0,1,0,0
3D61534A2359A,1,0,0,0
3D61534A2359B,1,0,0,0
3D61534A2359C,0,1,0,0
3D61534A2359D,0,1,0,0
3D61534A2359E,0,1,0,0
3D61534A2359F,0,1,1,0
3D61534A235A0,0,1,0,0
3D61534A235A1,0,1,0,0
3D61534A235A2,0,1,0,0
3D61534A235A3,1,0,0,0
3D61534A235A4,0,1,0,0
3D61534A235A6,0,1,0,0
3D61534A235A7,1,0,0,0
3D61534A235A8,0,1,0,0
3D61534A235A9,1,0,0,0
3D61534A235AA,1,0,0,0
3D61534A235AB,0,1,0,0
3D61534A235AC,1,0,0,0
3D61534A235AD,0,1,0,0
3D61534A235AE,0,1,0,0
3D61534A235AF,1,0,0,0
3D61534A235B0,0,1,0,0
3D61534A235B1,0,1,0,0
3D61534A235B2,1,0,0,0
3D61534A235B3,1,0,0,0
3D61534A235B4,1,0,0,0
3D61534A235B6,0,1,0,0
3D61534A235B7,0,1,0,0
3D61534A235B8,1,0,0,0
3D61534A235B9,0,1,0,0
3D61534A235BA,0,1,0,0
3D61534A235BB,0,1,0,0
3D61534A235BC,0,1,0,0
3D61534A235BD,1,0,0,0
3D61534A235BF,0,1,0,0
3D61534A235C0,0,1,0,0
3D61534A235C1,1,0,0,0
3D61534A235C2,1,0,0,0
3D61534A235C3,0,1,0,0
3D61534A235C4,0,1,0,0
3D61534A235C5,0,1,0,0
3D61534A235C6,0,1,0,0
3D61534A235C7,0,1,0,0
3D61534A235C8,0,1,0,0
3D61534A235C9,0,1,0,0
3D61534A235CA,1,0,0,0
3D61534A235CB,0,1,0,0
3D61534A235CC,0,1,0,0
3D61534A235CE,0,1,0,0
3D61534A235CF,0,1,0,0
3D61534A235D0,0,1,0,0
3D61534A235D1,0,1,0,0
3D61534A235D4,0,1,0,0
3D61534A235D7,0,1,0,0
3D61534A235D8,0,1,1,0
3D61534A235D9,0,1,0,0
3D61534A235DA,0,1,0,0
3D61534A235DC,0,1,0,0
3D61534A235DD,0,1,0,0
3D61534A235E0,0,1,0,0
3D61534A235E1,0,1,0,0
3D61534A235E3,0,1,0,0
3D61534A235E4,0,1,0,0
3D61534A235E5,0,1,1,0
3D61534A235E7,0,1,0,0
3D61534A235E8,0,1,0,0
3D61534A235E9,0,1,0,0
3D61534A235EA,0,1,0,0
3D61534A235EB,0,1,0,0
3D61534A235EC,0,1,0,0
3D61534A235ED,0,1,0,0
3D61534A235EE,0,1,0,0
3D61534A235EF,0,1,0,0
3D61534A235F0,0,1,0,0
3D61534A235F1,0,1,0,0
3D61534A235F2,0,1,0,0
3D61534A235F3,0,1,0,0
3D61534A235F4,0,1,0,0
3D61534A235F6,0,1,0,0
3D61534A235F7,0,1,0,1
3D61534A235F8,0,1,0,0
3D61534A235F9,0,1,1,0
3D61534A235FA,0,1,0,0
3D61534A235FB,0,1,0,0
3D61534A235FE,0,1,0,0
3D61534A235FF,0,1,0,0
3D61534A23600,0,1,0,0
3D61534A23602,0,1,0,0
3D61534A23603,0,1,0,0
3D61534A23604,0,1,0,1
3D61534A23605,0,1,0,0
3D61534A23606,1,0,0,0
3D61534A23607,0,1,0,0
3D61534A2360A,0,1,0,0
3D61534A2360B,0,1,0,0
3D61534A2360D,0,1,0,0
3D61534A2360E,0,1,0,0
3D61534A2360F,0,1,0,0
3D61534A23610,0,1,0,0
3D61534A23611,0,1,0,0
3D61534A23612,0,1,0,0
3D61534A23613,0,1,0,0
3D61534A23614,0,1,1,0
3D61534A23615,0,1,0,0
3D61534A23616,0,1,0,0
3D61534A23617,0,1,0,0
3D61534A23618,0,1,1,0
3D61534A2361A,0,1,0,0
3D61534A2361B,1,0,1,1
3D61534A2361D,0,1,0,0
3D61534A2361E,0,1,0,0
3D61534A2361F,0,1,0,0
3D61534A23621,0,1,0,0
3D61534A23622,0,1,0,0
3D61534A23623,0,1,0,0
3D61534A23624,0,1,0,0
3D61534A23626,0,1,0,0
3D61534A23627,0,1,0,0
3D61534A23629,0,1,0,0
3D61534A2362A,0,1,0,0
3D61534A2362B,0,1,0,0
3D61534A2362C,0,1,0,0
3D61534A2362D,1,0,0,0
3D61534A2364A,0,1,0,0
3D61534A2364E,0,1,0,0
3D61534A23650,0,1,0,0
3D61534A23654,0,1,0,0
3D61534A2365A,0,1,0,0
3D61534A2365D,0,1,0,0
3D61534A23665,0,1,0,0
3D61534A23667,0,0,1,0
3D61534A23668,0,1,0,0
3D61534A2366E,0,1,0,1
3D61534A23670,0,1,0,0
3D61534A23672,0,1,0,0
3D61534A23673,0,1,0,0
3D61534A23675,0,1,0,0
3D61534A2367A,0,1,0,0
3D61534A2367C,0,1,0,0
3D61534A2367D,0,1,0,0
3D61534A2367E,0,1,0,0
3D61534A2367F,0,1,0,0
3D61534A23680,0,1,0,0
3D61534A23681,0,1,0,0
3D61534A23684,0,1,0,0
3D61534A23685,0,1,0,0
3D61534A23686,0,1,0,0
3D61534A23688,0,1,0,0
3D61534A2368B,0,1,0,0
3D61534A2368D,0,1,0,0
3D61534A2368E,0,1,0,0
3D61534A2368F,0,1,0,0
3D61534A23696,0,1,0,0
3D61534A23698,0,1,0,0
3D61534A23699,0,1,0,0
3D61534A2369D,0,1,0,0
3D61534A236A3,0,1,0,0
3D61534A236AD,0,1,0,0
3D61534A236AF,0,1,0,0
3D61534A236B1,0,1,0,0
3D61534A236B2,0,1,0,0
3D61534A236B8,0,1,0,0
3D61534A236BA,0,1,0,0
3D61534A236BD,0,1,0,0
3D61534A236C0,0,1,0,0
3D61534A236C2,0,1,0,0
3D61534A236C6,0,1,0,0
3D61534A236C7,0,1,0,0
3D61534A236CC,0,1,0,0
3D61534A236CE,0,1,0,0
3D61534A236CF,0,1,0,0
3D61534A236D9,0,1,0,0
3D61534A236DA,0,1,0,0
3D61534A236DD,0,1,0,0
3D61534A236E5,0,1,0,0
3D61534A236EB,0,1,0,0
3D61534A236EE,0,1,0,0
3D61534A236F2,0,1,0,0
3D61534A236F5,0,1,0,0
3D61534A71039,0,0,1,0
3D61534A7103A,0,0,1,0
3D61534A7103B,0,0,1,0
3D61534A7103C,0,0,1,0
3D61534A7103E,0,0,1,0
3D61534A7103F,0,0,1,0
3D61534A71040,0,0,1,0
3D61534A71041,0,0,1,0
3D61534A71043,0,0,1,0
3D61534A71044,0,0,1,0
3D61534A71045,0,0,1,0
3D61534A71047,0,0,1,0
3D61534A71048,0,0,1,0
3D61534A71049,0,0,1,0
3D61534A7104A,0,0,1,0
3D61534A7104B,0,0,1,0
3D61534A7104C,0,0,1,0
3D61534A7104D,0,0,1,0
3D61534A71050,0,0,1,0
3D61534A71051,0,0,1,0
3D61534A71052,0,0,1,0
3D61534A71053,0,0,1,0
3D61534A71054,0,0,1,0
3D61534A71055,0,0,1,0
3D61534A71057,0,0,1,0
3D61534A71059,0,0,1,0
3D61534A7105B,0,0,1,0
3D61534A7105C,0,0,1,0
3D61534A7105D,0,0,1,0
3D61534A7105F,0,0,1,0
3D61534A71060,0,0,1,0
3D61534A71061,0,0,1,0
3D61534A71062,0,0,1,0
3D61534A71063,0,0,1,0
3D61534A71064,0,0,1,0
3D61534A71069,0,0,1,0
3D61534A7106A,0,0,1,0
3D61534A7106D,0,0,1,0
3D61534A7106E,0,0,1,0
3D61534A7106F,0,0,1,0
3D61534A71070,0,0,1,0
3D61534A71071,0,0,1,0
3D61534A71072,0,0,1,0
3D61534A71073,0,0,1,0
3D61534A71074,0,0,1,0
3D61534A71075,0,0,1,0
3D61534A71076,0,0,1,0
3D61534A71078,0,0,1,0
3D61534A71079,0,0,1,0
3D61534A7107A,0,0,1,1
3D61534A7107B,0,0,1,0
3D61534A7107D,0,0,1,0
3D61534A7107E,0,0,1,0
3D61534A71080,0,0,1,0
3D61534A71081,0,0,1,0
3D61534A71083,0,0,1,0
3D61534A71084,0,0,1,0
3D61534A71085,0,0,1,0
3D61534A71086,0,0,1,0
3D61534A71087,0,0,1,0
3D61534A71088,0,0,1,0
3D61534A71089,0,0,1,0
3D61534A7108B,0,0,1,0
3D61534A7108C,0,0,1,0
3D61534A7108D,0,0,1,0
3D61534A7108E,0,0,1,0
3D61534A71092,0,0,1,0
3D61534A71093,0,0,1,0
3D61534A71095,0,0,1,0
3D61534A71096,0,0,1,0
3D61534A71097,0,0,1,0
3D61534A71099,0,0,1,0
3D61534A7109A,0,0,1,1
3D61534A7109B,0,0,1,0
3D61534A7109C,0,0,1,0
3D61534A7109D,0,1,0,0
3D61534A7109E,0,0,1,0
3D61534A7109F,0,0,1,0
3D61534A710A0,0,0,1,0
3D61534A710A1,0,1,0,0
3D61534A710A2,0,1,0,0
3D61534A710A3,0,1,0,0
3D61534A710A4,0,1,0,0
3D61534A710A5,0,0,1,0
3D61534A710A6,0,1,0,0
3D61534A710A7,0,0,1,0
3D61534A710A8,0,0,1,0
3D61534A710A9,0,1,0,0
3D61534A710AA,0,1,0,0
3D61534A710AB,0,1,0,0
3D61534A710AC,0,1,0,0
3D61534A710AD,0,0,1,0
3D61534A710AE,0,0,1,0
3D61534A710AF,0,1,1,0
3D61534A710B0,0,1,0,0
3D61534A710B1,0,1,0,0
3D61534A710B2,0,1,0,0
3D61534A710B3,0,0,1,0
3D61534A710B4,0,1,0,0
3D61534A710B5,0,1,0,0
3D61534A710B6,0,1,0,0
3D61534A710B7,0,1,0,0
3D61534A710B8,0,0,1,0
3D61534A710B9,0,1,0,0
3D61534A710BA,0,1,0,0
3D61534A710BB,0,1,0,0
3D61534A710BC,0,1,0,0
3D61534A710BD,0,1,0,0
3D61534A710BE,0,0,1,0
3D61534A710BF,0,1,0,0
3D61534A710C0,0,1,0,0
3D61534A710C1,0,1,0,0
3D61534A710C2,0,1,0,0
3D61534A710C3,0,0,1,0
3D61534A710C4,0,1,0,0
3D61534A710C5,0,0,1,0
3D61534A710C6,0,1,0,0
3D61534A710C7,0,1,0,0
3D61534A710C8,0,1,0,0
3D61534A710C9,0,0,1,0
3D61534A710CA,0,0,1,0
3D61534A710CB,0,0,1,0
3D61534A710CC,0,0,1,0
3D61534A710CE,0,0,1,0
3D61534A710CF,0,1,0,0
3D61534A710D0,0,0,1,0
3D61534A710D1,0,1,0,0
3D61534A710D2,0,0,1,0
3D61534A710D3,0,0,1,0
3D61534A710D4,0,1,0,0
3D61534A710D5,0,1,0,0
3D61534A710D6,0,0,1,0
3D61534A710D7,0,1,0,0
3D61534A710D8,0,1,0,0
3D61534A710D9,0,1,0,0
3D61534A710DA,0,0,1,0
3D61534A710DB,0,1,0,0
3D61534A710DC,0,1,0,0
3D61534A710DD,0,1,1,0
3D61534A710DE,0,0,1,0
3D61534A710DF,0,1,0,1
3D61534A710E0,0,1,0,0
3D61534A710E1,0,1,0,0
3D61534A710E2,0,1,0,0
3D61534A710E3,0,0,1,0
3D61534A710E4,0,1,0,0
3D61534A710E5,0,1,0,0
3D61534A710E6,0,0,1,0
3D61534A710E7,0,0,1,0
3D61534A710E8,0,1,0,0
3D61534A710E9,0,1,0,0
3D61534A710EB,0,1,0,0
3D61534A710EC,0,1,0,0
3D61534A710ED,0,0,1,0
3D61534A710EE,0,1,0,0
3D61534A710EF,0,1,0,1
3D61534A710F0,0,1,0,0
3D61534A710F1,0,1,0,0
3D61534A710F2,0,1,0,0
3D61534A710F3,0,1,0,0
3D61534A710F4,0,1,0,0
3D61534A710F5,0,0,1,0
3D61534A710F6,0,0,1,0
3D61534A710F7,0,1,0,0
3D61534A710F8,0,1,0,0
3D61534A710F9,0,0,1,0
3D61534A710FA,0,1,0,0
3D61534A710FB,0,1,0,0
3D61534A710FC,0,1,0,0
3D61534A710FD,0,1,0,0
3D61534A710FE,0,0,1,0
3D61534A710FF,0,1,0,1
3D61534A71100,0,1,0,0
3D61534B140F5,0,0,1,0
3D61534B140F6,0,0,1,0
3D61534B140F7,0,1,0,0
3D61534B140F9,0,1,0,0
3D61534B140FA,0,0,1,0
3D61534B140FB,0,0,1,0
3D61534B140FC,0,0,1,0
3D61534B140FD,0,0,1,0
3D61534B140FE,0,0,1,0
3D61534B140FF,0,0,1,0
3D61534B14100,0,0,1,0
3D61534B14101,0,0,1,0
3D61534B14102,0,0,1,0
3D61534B14103,0,0,1,0
3D61534B14104,0,1,0,0
3D61534B14105,0,0,1,0
3D61534B14106,0,0,1,0
3D61534B14107,0,0,1,0
3D61534B14108,0,1,1,0
3D61534B14109,0,1,0,0
3D61534B1410A,0,1,0,0
3D61534B1410B,0,0,1,0
3D61534B1410C,0,1,0,0
3D61534B1410D,0,0,1,1
3D61534B1410E,0,0,1,0
3D61534B1410F,0,0,1,0
3D61534B14110,0,0,1,0
3D61534B14111,0,0,1,0
3D61534B14112,0,0,1,0
3D61534B14113,0,0,1,0
3D61534B14114,0,0,1,0
3D61534B14115,0,0,1,0
3D61534B14116,0,0,1,0
3D61534B14117,0,0,1,0
3D61534B14118,0,0,1,0
3D61534B14119,0,1,0,0
3D61534B1411A,0,0,1,0
3D61534B1411C,0,0,1,0
3D61534B1411D,0,0,1,0
3D61534B1411E,0,0,1,0
3D61534B1411F,0,0,1,0
3D61534B14121,0,0,1,0
3D61534B14122,0,1,0,0
3D61534B14123,0,0,1,0
3D61534B14124,0,1,0,0
3D61534B14125,0,0,1,0
3D61534B14126,0,0,1,0
3D61534B14127,0,0,1,0
3D61534B14128,0,0,1,0
3D61534B14129,0,0,1,0
3D61534B1412A,0,0,1,0
3D61534B1412B,0,0,1,0
3D61534B1412C,0,0,1,0
3D61534B1412D,0,0,1,0
3D61534B1412E,0,0,1,0
3D61534B1412F,0,0,1,0
3D61534B14130,0,0,1,0
3D61534B14131,0,0,1,0
3D61534B14132,0,0,1,0
3D61534B14133,0,0,1,0
3D61534B14134,0,0,1,0
3D61534B14135,0,0,1,0
3D61534B14136,0,0,1,0
3D61534B14137,0,0,1,0
3D61534B14138,0,0,1,0
3D61534B14139,0,0,1,0
3D61534B1413A,0,1,0,0
3D61534B1413B,0,0,1,0
3D61534B1413C,0,0,1,0
3D61534B1413E,0,0,1,0
3D61534B1413F,0,1,0,0
3D61534B14140,0,0,1,0
3D61534B14141,0,1,0,0
3D61534B14142,0,0,1,0
3D61534B14143,0,0,1,0
3D61534B14144,0,0,1,0
3D61534B14145,0,1,0,0
3D61534B14146,0,0,1,0
3D61534B14147,0,0,1,0
3D61534B14148,0,0,1,0
3D61534B14149,0,0,1,0
3D61534B1414A,0,0,1,0
3D61534B1414B,0,0,1,0
3D61534B1414C,0,0,1,0
3D61534B1414D,0,0,1,0
3D61534B1414E,0,0,1,0
3D61534B1414F,0,0,1,0
3D61534B14150,0,1,0,0
3D61534B14151,0,1,0,0
3D61534B14152,0,0,1,0
3D61534B14153,0,0,1,0
3D61534B14154,0,0,1,0
3D61534B14155,0,0,1,0
3D61534B14156,0,0,1,0
3D61534B14157,0,0,1,0
3D61534B14158,0,0,1,0
3D61534B14159,0,0,1,0
3D61534B1415A,0,0,1,0
3D61534B1415B,0,0,1,0
3D61534B1415D,0,0,1,0
3D61534B1415E,0,0,1,0
3D61534B1415F,0,0,1,0
3D61534B14160,0,0,1,0
3D61534B14161,0,0,1,0
3D61534B14162,0,0,1,0
3D61534B14164,0,0,1,0
3D61534B14165,0,0,1,0
3D61534B14166,0,0,1,0
3D61534B14168,0,0,1,0
3D61534B14169,0,0,1,0
3D61534B1416A,0,0,1,0
3D61534B1416B,0,0,1,0
3D61534B1416C,0,0,1,0
3D61534B1416E,1,0,0,0
3D61534B1416F,0,0,1,0
3D61534B14171,0,0,1,0
3D61534B14172,0,0,1,0
3D61534B14173,0,0,1,0
3D61534B14174,0,0,1,0
3D61534B14176,0,0,1,0
3D61534B14177,0,0,1,0
3D61534B14178,0,0,1,0
3D61534B14179,0,0,1,0
3D61534B1417B,0,0,1,0
3D61534B1417C,0,0,1,0
3D61534B1417D,0,0,1,0
3D61534B1417E,0,0,1,0
3D61534B1417F,0,0,1,0
3D61534B14180,0,0,1,0
3D61534B14181,0,0,1,0
3D61534B14182,0,0,1,0
3D61534B14183,0,0,1,0
3D61534B14184,0,0,1,0
3D61534B14185,0,0,1,0
3D61534B14186,0,0,1,0
3D61534B14187,0,0,1,0
3D61534B14189,0,0,1,0
3D61534B1418A,0,0,1,0
3D61534B1418B,0,0,1,0
3D61534B1418D,0,0,1,0
3D61534B1418E,0,0,1,0
3D61534B1418F,0,0,1,0
3D61534B14190,0,0,1,0
3D61534B14191,1,0,0,0
3D61534B14192,0,0,1,0
3D61534B14193,0,0,1,0
3D61534B14194,1,0,0,0
3D61534B14195,0,0,1,0
3D61534B14196,0,0,1,0
3D61534B14197,0,0,1,0
3D61534B14198,0,0,1,0
3D61534B14199,0,0,1,0
3D61534B1419C,0,0,1,0
3D61534B1419D,0,0,1,0
3D61534B1419F,0,0,1,0
3D61534B141A0,0,0,1,0
3D61534B141A1,0,0,1,0
3D61534B141A2,0,0,1,0
3D61534B141A3,0,0,1,0
3D61534B141A4,0,0,1,0
3D61534B141A5,0,0,1,0
3D61534B141A6,0,0,1,0
3D61534B141A7,0,0,1,0
3D61534B141A8,0,0,1,0
3D61534B141A9,0,0,1,0
3D61534B141AA,0,0,1,0
3D61534B141AB,0,0,1,0
3D61534B141AC,0,0,1,0
3D61534B141AD,0,0,1,0
3D61534B141B0,0,0,1,0
3D61534B141B1,0,0,1,0
3D61534B141B2,0,0,1,0
3D61534B141B3,0,0,1,0
3D61534B141B4,0,0,1,0
3D61534B141B6,0,0,1,0
3D61534B141B7,0,0,1,0
3D61534B141B8,0,0,1,0
3D61534B141B9,0,0,1,0
3D61534B141BA,0,0,1,0
3D61534B141BB,0,0,1,0
3D61534B141BC,1,0,0,0
3D61534B141BF,0,0,1,0
3D61534B141C1,0,0,0,1
3D61534B141C4,0,0,1,0
3D61534B141C5,0,0,0,1
3D61534B141C6,0,0,0,1
3D61534B141C7,0,0,0,1
3D61534B141C8,0,0,0,1
3D61534B141CF,0,0,1,0
3D61534B141D1,0,0,1,0
3D61534B141D2,0,0,1,1
3D61534B141D5,0,0,0,1
3D61534B141DC,0,0,0,1
3D61534B141DD,0,0,1,0
3D61534B141DF,0,0,1,0
3D61534B141E0,0,0,0,1
3D61534B141E1,0,0,1,0
3D61534B141E2,0,0,1,0
3D61534B141E5,0,0,0,1
3D61534B141E8,0,0,1,0
3D61534B141EB,0,0,1,0
3D61534B141EC,0,0,0,1
3D61534B141ED,0,0,1,0
3D61534B141EF,0,0,1,0
3D61534B141F0,0,0,1,0
3D61534B141F1,0,0,1,0
3D61534B141F3,0,0,1,0
3D61534B141F4,0,0,0,1
3D61534B141F5,0,0,0,1
3D61534B141FB,0,0,0,1
3D61534B141FD,0,0,0,1
3D61534B141FE,0,0,1,0
3D61534B141FF,0,0,0,1
3D61534B14200,0,0,1,0
3D61534B14201,0,0,0,1
3D61534B14203,0,0,1,0
3D61534B14204,0,0,0,1
3D61534B14205,0,0,0,1
3D61534B14206,0,0,1,0
3D61534B14207,0,0,1,0
3D61534B14208,0,0,1,0
3D61534B1420A,0,0,1,0
3D61534B1420B,0,0,0,1
3D61534B1420D,0,0,0,1
3D61534B1420E,0,0,0,1
3D61534B14210,0,0,1,0
3D61534B14211,0,0,1,0
3D61534B14212,0,0,1,0
3D61534B14213,0,0,1,0
3D61534B14214,0,0,0,1
3D61534B14215,0,0,1,0
3D61534B14218,0,0,1,0
3D61534B14219,0,0,1,0
3D61534B1421A,0,0,0,1
3D61534B1421E,0,0,1,0
3D61534B14220,0,0,0,1
3D61534B14221,0,0,0,1
3D61534B14223,0,0,0,1
3D61534B14225,0,0,0,1
3D61534B14226,0,0,0,1
3D61534B14227,0,0,0,1
3D61534B14228,0,0,0,1
3D61534B14229,0,0,0,1
3D61534B1422A,0,0,0,1
3D61534B1422B,0,0,0,1
3D61534B1422C,0,0,0,1
3D61534B1422E,0,0,1,0
3D61534B14230,0,0,0,1
3D61534B14231,0,0,0,1
3D61534B14232,0,0,1,0
3D61534B14233,0,0,0,1
3D61534B14235,0,0,0,1
3D61534B14236,0,0,0,1
3D61534B14237,0,0,0,1
3D61534B14238,0,0,0,1
3D61534B14239,0,0,0,1
3D61534B1423A,0,0,0,1
3D61534B1423B,0,0,0,1
3D61534B1423C,0,0,0,1
3D61534B1423D,0,0,0,1
3D61534B1423E,0,0,0,1
3D61534B14240,0,0,0,1
3D61534B14241,0,0,0,1
3D61534B14242,0,0,0,1
3D61534B14243,0,0,0,1
3D61534B14244,0,0,0,1
3D61534B14245,0,0,0,1
3D61534B14246,0,0,0,1
3D61534B14247,0,0,0,1
3D61534B14248,0,0,0,1
3D61534B14249,0,0,0,1
3D61534B1424A,0,0,0,1
3D61534B1424B,0,0,0,1
3D61534B1424C,0,0,0,1
3D61534B1424D,0,0,0,1
3D61534B1424F,0,0,0,1
3D61534B14250,0,0,0,1
3D61534B14252,0,0,0,1
3D61534B14253,0,0,0,1
3D61534B14254,0,0,1,0
3D61534B14255,0,0,0,1
3D61534B14256,0,0,0,1
3D61534B14258,0,0,1,0
3D61534B14259,0,0,0,1
3D61534B1425B,0,0,0,1
3D61534B1425C,0,0,0,1
3D61534B1425D,0,0,0,1
3D61534B1425E,0,0,0,1
3D61534B1425F,0,0,0,1
3D61534B14260,0,0,0,1
3D61534B14261,0,0,1,0
3D61534B14262,0,0,0,1
3D61534B14263,0,0,0,1
3D61534B14264,0,0,1,0
3D61534B14265,0,0,0,1
3D61534B14266,0,0,0,1
3D61534B14267,0,0,0,1
3D61534B14268,0,0,0,1
3D61534B14269,0,0,1,0
3D61534B1426B,0,0,0,1
3D61534B1426C,0,0,0,1
3D61534B1426D,0,0,0,1
3D61534B1426E,0,0,0,1
3D61534B1426F,0,0,0,1
3D61534B14270,0,0,0,1
3D61534B14272,0,0,1,0
3D61534B14273,0,0,0,1
3D61534B14274,0,0,1,0
3D61534B14275,0,0,0,1
3D61534B14276,0,0,0,1
3D61534B14277,0,0,0,1
3D61534B14279,0,0,0,1
3D61534B1427B,0,0,0,1
3D61534B1427C,0,0,1,0
3D61534B1427D,0,0,0,1
3D61534B1427E,0,0,0,1
3D61534B1427F,0,0,0,1
3D61534B14280,0,0,0,1
3D61534B14281,0,0,0,1
3D61534B14282,0,0,0,1
3D61534B14283,0,0,0,1
3D61534B14284,0,0,0,1
3D61534B14285,0,0,1,0
3D61534B14287,0,0,1,0
3D61534B14288,0,0,1,0
3D61534B1428B,0,0,1,0
3D61534B1428D,0,0,1,0
3D61534B14290,0,0,1,0
3D61534B14292,0,0,1,0
3D61534B14294,0,0,1,0
3D61534B14295,0,0,1,0
3D61534B14296,0,0,1,0
3D61534B14299,0,0,1,0
3D61534B1429B,0,0,1,0
3D61534B1429D,0,0,1,0
3D61534B1429E,0,0,1,0
3D61534B1429F,0,0,1,0
3D61534B142A1,0,0,1,0
3D61534B142A2,0,0,1,0
3D61534B142A5,0,0,1,0
3D61534B142A6,0,0,1,0
3D61534B142A7,0,0,0,1
3D61534B142A8,0,0,1,0
3D61534B142AB,0,0,1,0
3D61534B142AE,0,0,1,0
3D61534B142AF,0,0,1,0
3D61534B142B1,0,0,1,0
3D61534B142B2,0,0,1,0
3D61534B142B3,0,0,1,0
3D61534B142B7,0,0,1,0
3D61534B142BA,0,0,1,0
3D61534B142BC,0,0,1,0
3D61534B142BE,0,0,1,0
3D61534B142BF,0,0,1,0
3D61534B142C1,0,0,1,0
3D61534B142C6,0,0,1,0
3D61534B142CB,0,0,1,0
3D61534B142CC,0,0,1,0
3D61534B142CE,0,0,1,0
3D61534B142CF,0,0,1,0
3D61534B142D3,0,0,1,0
3D61534B142D6,0,0,1,0
3D61534B142D9,0,0,1,0
3D61534B142DB,0,0,1,0
3D61534B142E3,0,0,1,0
3D61534B142E5,0,0,1,0
3D61534B142E6,0,0,1,0
3D61534B142E7,0,0,1,0
3D61534B142E8,0,0,1,0
3D61534B142F6,0,0,1,0
3D61534B142F9,0,0,1,0
3D61534B142FA,0,0,1,0
3D61534B1430D,0,0,1,0
3D61534B14310,0,0,1,0
3D61534B14334,0,0,1,0
3D61534B14341,0,0,1,0
3D61534B1434B,0,0,1,0
3D61534B1434E,0,0,1,0
3D61534B1434F,0,0,1,0
3D61534B14350,0,0,1,0
3D61534B14351,0,0,1,0
3D61534B14352,0,0,1,0
3D61534B14353,0,0,1,0
3D61534B14354,0,0,1,0
3D61534B14355,0,0,1,0
3D61534B14356,0,0,1,0
3D61534B14357,0,1,0,0
3D61534B14358,0,0,1,0
3D61534B14359,0,0,1,0
3D61534B1435B,0,0,1,0
3D61534B1435C,0,0,1,0
3D61534B1435D,0,0,1,0
3D61534B1435E,0,0,1,0
3D61534B1435F,0,0,1,0
3D61534B14360,0,0,1,0
3D61534B14361,0,0,1,0
3D61534B14362,0,0,1,0
3D61534B14363,0,0,1,0
3D61534B14364,0,0,1,0
3D61534B14365,0,0,1,0
3D61534B14366,0,0,1,0
3D61534B14367,0,0,1,0
3D61534B14368,0,0,1,0
3D61534B14369,0,0,1,0
3D61534B1436A,0,0,1,0
3D61534B1436B,0,0,1,0
3D61534B1436C,0,0,1,0
3D61534B1436D,0,0,1,0
3D61534B1436E,0,0,1,0
3D61534B1436F,0,0,1,1
3D61534B14370,0,1,0,0
3D61534B14371,0,0,1,0
3D61534B14373,0,0,1,0
3D61534B14374,0,0,1,0
3D61534B14375,0,0,1,0
3D61534B14376,0,0,1,0
3D61534B14377,0,0,1,0
3D61534B14378,0,0,1,0
3D61534B14379,0,0,1,0
3D61534B1437A,0,0,1,0
3D61534B1437B,0,0,1,0
3D61534B1437C,0,0,1,0
3D61534B1437D,0,0,1,0
3D61534B1437E,0,0,1,1
3D61534B1437F,0,0,1,0
3D61534B14380,0,0,1,0
3D61534B14381,0,0,1,0
3D61534B14382,0,0,1,0
3D61534B14383,0,0,1,1
3D61534B14384,0,0,1,0
3D61534B14385,0,0,1,0
3D61534B14386,0,0,1,0
3D61534B14387,0,0,1,0
3D61534B14388,0,0,1,0
3D61534B14389,0,0,1,0
3D61534B1438A,0,0,1,0
3D61534B1438B,0,0,1,0
3D61534B1438C,0,0,1,0
3D61534B1438D,0,0,1,0
3D61534B1438E,0,0,1,0
3D61534B1438F,0,0,1,0
3D61534B14390,0,0,1,0
3D61534B14391,0,0,1,0
3D61534B14392,0,0,1,0
3D61534B14393,0,0,1,0
3D61534B14394,0,0,1,0
3D61534B14395,0,0,1,0
3D61534B14396,0,0,1,0
3D61534B14397,0,0,1,0
3D61534B14398,0,0,1,0
3D61534B14399,0,0,1,0
3D61534B1439A,0,0,1,0
3D61534B1439B,0,0,1,0
3D61534B1439C,0,0,1,0
3D61534B1439D,0,0,1,0
3D61534B1439E,0,0,1,0
3D61534B1439F,0,0,1,0
3D61534B143A0,0,0,1,0
3D61534B143A1,0,0,1,0
3D61534B143A2,0,0,1,0
3D61534B143A3,0,0,1,0
3D61534B143A4,0,0,1,0
3D61534B143A6,0,0,1,0
3D61534B143A7,0,0,1,0
3D61534B143A8,0,0,1,0
3D61534B143A9,0,0,1,0
3D61534B143AB,0,0,1,0
3D61534B143AC,0,0,1,0
3D61534B143AD,0,0,1,0
3D61534B143AE,0,0,1,0
3D61534B143AF,0,1,0,0
3D61534B143B0,0,0,1,0
3D61534B143B1,0,0,1,0
3D61534B143B2,0,0,0,1
3D61534B143B3,0,0,0,1
3D61534B143B4,0,0,0,1
3D61534B143B5,0,0,0,1
3D61534B143B6,0,0,1,0
3D61534B143B7,0,0,1,0
3D61534B143B8,0,0,0,1
3D61534B143B9,0,0,0,1
3D61534B143BA,0,0,0,1
3D61534B143BB,0,0,1,0
3D61534B143BC,0,0,0,1
3D61534B143BD,0,0,1,0
3D61534B143BE,0,0,0,1
3D61534B143BF,0,0,1,0
3D61534B143C0,0,0,1,0
3D61534B143C1,0,0,0,1
3D61534B143C2,0,0,1,0
3D61534B143C3,0,0,1,0
3D61534B143C4,0,0,1,0
3D61534B143C5,0,0,1,0
3D61534B143C6,0,0,0,1
3D61534B143C7,0,0,0,1
3D61534B143C8,0,0,1,0
3D61534B143C9,0,0,1,0
3D61534B143CA,0,0,0,1
3D61534B143CB,0,0,0,1
3D61534B143CC,0,0,0,1
3D61534B143CD,0,0,1,0
3D61534B143CE,0,0,1,0
3D61534B143CF,0,0,1,0
3D61534B143D0,0,0,0,1
3D61534B143D1,0,0,0,1
3D61534B143D3,0,0,1,0
3D61534B143D4,0,0,0,1
3D61534B143D5,0,0,0,1
3D61534B143D6,0,0,0,1
3D61534B143D7,0,0,1,0
3D61534B143D8,0,0,1,0
3D61534B143DA,0,0,0,1
3D61534B143DB,0,0,0,1
3D61534B143DC,0,0,0,1
3D61534B143DD,0,0,0,1
3D61534B143DE,0,0,1,0
3D61534B143DF,0,0,0,1
3D61534B143E1,0,0,0,1
3D61534B143E2,0,0,1,0
3D61534B143E3,0,0,1,0
3D61534B143E4,0,0,0,1
3D61534B143E5,0,0,0,1
3D61534B143E6,0,0,0,1
3D61534B143E7,0,0,0,1
3D61534B143E8,0,0,0,1
3D61534B143E9,0,0,1,0
3D61534B143EA,0,0,0,1
3D61534B143EB,0,0,0,1
3D61534B143EC,0,0,1,0
3D61534B143ED,0,0,0,1
3D61534B143EE,0,0,0,1
3D61534B143EF,0,0,1,0
3D61534B143F0,0,0,1,0
3D61534B143F1,0,0,0,1
3D61534B143F2,0,0,1,0
3D61534B143F3,0,0,0,1
3D61534B143F4,0,0,0,1
3D61534B143F5,0,0,1,0
3D61534B143F6,0,0,0,1
3D61534B143F7,0,0,0,1
3D61534B143F8,0,0,1,0
3D61534B143F9,0,0,0,1
3D61534B143FA,0,0,0,1
3D61534B143FB,0,0,0,1
3D61534B143FC,0,0,1,0
3D61534B143FD,0,0,0,1
3D61534B143FE,0,0,0,1
3D61534B143FF,0,0,0,1
3D61534B14400,0,0,0,1
3D61534B14402,0,0,1,0
3D61534B14403,0,0,1,0
3D61534B14404,0,0,1,0
3D61534B14405,0,0,0,1
3D61534B14406,0,0,0,1
3D61534B14407,0,0,0,1
3D61534B14408,0,0,0,1
3D61534B14409,0,0,0,1
3D61534B1440A,0,0,0,1
3D61534B1440B,0,0,0,1
3D61534B1440C,0,0,1,0
3D61534B1440D,0,0,1,0
3D61534B1440E,0,0,0,1
3D61534B1440F,0,0,0,1
3D61534B14411,0,0,1,0
3D61534B14412,0,0,0,1
3D61534B14413,0,0,0,1
3D61534B14414,0,0,1,0
3D61534B14415,0,0,0,1
3D61534B14416,0,0,1,0
3D61534B14417,0,0,1,0
3D61534B14418,0,0,1,0
3D61534B14419,0,0,1,0
3D61534B1441A,0,0,1,0
3D61534B1441B,0,0,1,0
3D61534B1441C,0,0,1,0
3D61534B1441D,0,0,1,0
3D61534B1441E,0,0,1,0
3D61534B1441F,0,0,1,0
3D61534B14420,0,0,1,0
3D61534B14421,0,0,1,0
3D61534B14422,0,0,1,0
3D61534B14423,0,0,1,0
3D61534B14424,0,0,1,0
3D61534B14427,0,0,1,0
3D61534B14428,0,0,1,0
3D61534B14429,0,0,1,0
3D61534B1442A,0,0,1,0
3D61534B1442B,0,0,1,0
3D61534B1442C,0,0,1,0
3D61534B1442D,0,0,1,0
3D61534B1442E,0,0,1,0
3D61534B1442F,0,0,1,0
3D61534B14430,0,0,1,0
3D61534B14431,0,0,1,0
3D61534B14432,0,0,1,0
3D61534B14433,0,0,1,0
3D61534B14434,0,0,1,0
3D61534B14435,0,0,1,0
3D61534B14436,0,0,1,0
3D61534B14437,0,0,1,0
3D61534B14439,0,0,1,0
3D61534B1443A,0,0,1,0
3D61534B1443B,0,0,1,0
3D61534B1443C,0,0,1,0
3D61534B1443D,0,0,1,1
3D61534B1443E,0,0,1,0
3D61534B1443F,0,0,1,0
3D61534B14440,0,0,1,0
3D61534B14441,0,0,1,0
3D61534B14442,0,0,1,0
3D61534B14443,0,0,1,0
3D61534B14444,0,0,1,0
3D61534B14445,0,0,1,0
3D61534B14446,0,0,1,0
3D61534B14447,0,0,1,0
3D61534B14448,0,0,1,0
3D61534B1444A,0,0,1,0
3D61534B1444B,0,0,1,0
3D61534B1444C,0,0,1,0
3D61534B1444D,0,0,1,0
3D61534B1444E,0,0,1,0
3D61534B1444F,0,0,1,0
3D61534B14450,0,0,1,0
3D61534B14451,0,0,1,0
3D61534B14453,0,0,1,0
3D61534B14454,0,0,1,0
3D61534B14455,0,0,1,0
3D61534B14456,0,0,1,0
3D61534B14457,0,0,1,0
3D61534B14458,0,0,1,0
3D61534B14459,0,0,1,0
3D61534B1445B,0,0,1,0
3D61534B1445C,0,0,1,0
3D61534B1445D,0,0,1,0
3D61534B1445E,0,0,1,0
3D61534B1445F,0,0,1,0
3D61534B14460,0,0,1,0
3D61534B14461,0,0,1,0
3D61534B14464,0,0,1,0
3D61534B14465,0,0,1,0
3D61534B14467,0,0,1,0
3D61534B14468,0,0,1,0
3D61534B1446B,0,0,1,0
3D61534B1446D,0,0,1,0
3D61534B1446E,0,0,1,0
3D61534B1446F,0,0,1,0
3D61534B14470,0,0,1,0
3D61534B14471,0,0,1,0
3D61534B14472,0,0,1,0
3D61534B14473,0,0,1,0
3D61534B14474,0,0,1,0
3D61534B14475,0,0,1,0
3D61534B14476,0,0,1,0
3D61534B14477,0,0,1,0
3D61534B14478,0,0,1,0
3D61534B14479,0,0,1,0
3D61534BAAE82,0,0,1,0
3D61534BAAE83,0,0,1,0
3D61534BAAE84,0,0,1,0
3D61534BAAE85,0,0,1,0
3D61534BAAE86,0,0,1,0
3D61534BAAE87,0,0,1,0
3D61534BAAE88,0,0,1,0
3D61534BAAE89,0,0,1,0
3D61534BAAE8A,0,0,1,0
3D61534BAAE8B,0,0,1,0
3D61534BAAE8C,0,0,1,0
3D61534BAAE8D,0,0,1,0
3D61534BAAE8E,0,0,1,0
3D61534BAAE8F,0,0,1,0
3D61534BAAE90,0,0,1,0
3D61534BAAE91,0,0,1,0
3D61534BAAE92,0,0,1,0
3D61534BAAE93,0,0,1,0
3D61534BAAE94,0,0,1,0
3D61534BAAE96,0,0,1,0
3D61534BAAE97,0,0,1,0
3D61534BAAE98,0,0,1,0
3D61534BAAE99,0,0,1,0
3D61534BAAE9A,0,0,1,0
3D61534BAAE9B,0,0,1,0
3D61534BAAE9C,0,0,1,0
3D61534BAAE9D,0,0,1,0
3D61534BAAE9E,0,0,1,0
3D61534BAAE9F,0,0,1,0
3D61534BAAEA0,0,0,1,0
3D61534BAAEA1,0,0,1,0
3D61534BAAEA2,0,0,1,0
3D61534BAAEA3,0,0,1,0
3D61534BAAEA4,0,0,1,0
3D61534BAAEA5,0,0,1,0
3D61534BAAEA6,0,0,1,0
3D61534BAAEA8,0,0,1,0
3D61534BAAEA9,0,0,1,0
3D61534BAAEAA,0,0,1,0
3D61534BAAEAB,0,0,1,0
3D61534BAAEAD,0,0,1,0
3D61534BAAEAE,0,0,1,0
3D61534BAAEAF,0,0,1,0
3D61534BAAEB0,0,0,1,0
3D61534BAAEB1,0,0,1,0
3D61534BAAEB2,0,0,1,0
3D61534BAAEB3,0,0,1,0
3D61534BAAEB4,0,0,1,0
3D61534BAAEB5,0,0,1,0
3D61534BAAEB6,0,0,1,0
3D61534BAAEB7,0,0,1,0
3D61534BAAEB9,0,0,1,0
3D61534BAAEBA,0,0,1,0
3D61534BAAEBB,0,0,1,0
3D61534BAAEBC,0,0,1,0
3D61534BAAEBD,0,0,1,0
3D61534BAAEBE,0,0,1,0
3D61534BAAEBF,0,0,1,0
3D61534BAAEC0,0,0,1,0
3D61534BAAEC1,0,0,1,0
3D61534BAAEC2,0,0,1,0
3D61534BAAEC3,0,0,1,0
3D61534BAAEC4,0,0,1,0
3D61534BAAEC5,0,0,1,0
3D61534BAAEC6,0,0,1,0
3D61534BAAEC7,0,0,1,0
3D61534BAAEC8,0,0,1,0
3D61534BAAEC9,0,0,1,0
3D61534BAAECA,0,0,1,0
3D61534BAAECD,0,0,1,0
3D61534BAAECE,0,0,1,0
3D61534BAAECF,0,0,1,0
3D61534BAAED0,0,0,1,0
3D61534BAAED1,0,0,1,0
3D61534BAAED2,0,0,1,0
3D61534BAAED3,0,0,1,0
3D61534BAAED4,0,0,1,0
3D61534BAAED5,0,0,1,0
3D61534BAAED6,0,0,1,0
3D61534BAAED7,0,0,1,0
3D61534BAAED8,0,0,1,0
3D61534BAAED9,0,0,1,0
3D61534BAAEDA,0,0,1,0
3D61534BAAEDC,0,0,1,0
3D61534BAAEDD,0,0,1,0
3D61534BAAEDF,0,0,1,0
3D61534BAAEE0,0,0,1,0
3D61534BAAEE1,0,0,1,0
3D61534BAAEE2,0,0,1,0
3D61534BAAEE3,0,0,1,0
3D61534BAAEE4,0,0,1,0
3D61534BAAEE5,0,0,1,0
3D61534BAAEE6,0,0,1,0
3D61534BAAEE7,0,0,1,1
3D61534BAAEE8,0,0,1,0
3D61534BAAEE9,0,0,1,0
3D61534BAAEEA,0,0,1,0
3D61534BAAEEB,0,0,1,0
3D61534BAAEEC,0,0,1,0
3D61534BAAEED,0,0,1,0
3D61534BAAEEE,0,0,1,0
3D61534BAAEEF,0,0,1,0
3D61534BAAEF0,0,0,1,0
3D61534BAAEF1,0,0,1,0
3D61534BAAEF2,0,0,1,0
3D61534BAAEF3,0,0,1,0
3D61534BAAEF4,0,0,1,0
3D61534BAAEF5,0,0,1,0
3D61534BAAEF6,0,0,1,0
3D61534BAAEF7,0,0,1,0
3D61534BAAEF8,0,0,1,0
3D61534BAAEF9,0,0,1,0
3D61534BAAEFA,0,0,1,0
3D61534BAAEFB,0,0,1,0
3D61534BAAEFC,0,0,1,0
3D61534BAAEFD,0,0,1,0
3D61534BAAEFE,0,0,1,0
3D61534BAAEFF,0,0,1,0
3D61534BAAF00,0,0,1,0
3D61534BAAF01,0,0,1,0
3D61534BAAF02,0,0,1,0
3D61534BAAF03,0,0,1,0
3D61534BAAF04,0,0,1,0
3D61534BAAF05,0,0,1,0
3D61534BAAF06,0,0,1,0
3D61534BAAF07,0,0,1,0
3D61534BAAF08,0,0,1,0
3D61534BAAF09,0,0,1,0
3D61534BAAF0A,0,0,1,0
3D61534BAAF0B,0,0,1,0
3D61534BAAF0C,0,0,1,0
3D61534BAAF0D,0,0,1,0
3D61534BAAF0E,0,0,1,0
3D61534BAAF0F,0,0,1,0
3D61534BAAF10,0,0,1,0
3D61534BAAF11,0,0,1,0
3D61534BAAF12,0,0,1,0
3D61534BAAF14,0,0,1,0
3D61534BAAF15,0,0,1,0
3D61534BAAF16,0,0,1,0
3D61534BAAF18,0,0,1,0
3D61534BAAF19,0,0,1,0
3D61534BAAF1A,0,0,1,0
3D61534BAAF1B,0,0,1,0
3D61534BAAF1C,0,0,1,0
3D61534BAAF1D,0,0,1,0
3D61534BAAF1E,0,0,1,0
3D61534BAAF1F,0,0,1,0
3D61534BAAF20,0,0,1,0
3D61534BAAF22,0,0,1,0
3D61534BAAF23,0,0,1,0
3D61534BAAF24,0,0,1,0
3D61534BAAF25,0,0,1,0
3D61534BAAF26,0,0,1,0
3D61534BAAF27,0,0,1,0
3D61534BAAF28,0,0,1,0
3D61534BAAF29,0,0,1,0
3D61534BAAF2A,0,0,1,0
3D61534BAAF2B,0,0,1,0
3D61534BAAF2C,0,0,1,0
3D61534BAAF2D,0,0,1,0
3D61534BAAF2E,0,0,1,0
3D61534BAAF2F,0,0,1,0
3D61534BAAF30,0,0,1,0
3D61534BAAF31,0,0,1,0
3D61534BAAF32,0,0,1,0
3D61534BAAF34,0,0,1,0
3D61534BAAF35,0,0,1,0
3D61534BAAF36,0,0,1,0
3D61534BAAF37,0,0,1,0
3D61534BAAF38,0,0,1,0
3D61534BAAF39,0,0,1,0
3D61534BAAF3A,0,0,1,0
3D61534BAAF3B,0,0,1,0
3D61534BAAF3C,0,0,1,0
3D61534BAAF3D,0,0,1,0
3D61534BAAF3F,0,0,1,0
3D61534BAAF40,0,0,1,0
3D61534BAAF41,0,0,1,0
3D61534BAAF42,0,0,1,0
3D61534BAAF43,0,0,1,0
3D61534BAAF44,0,0,1,0
3D61534BAAF45,0,0,1,0
3D61534BAAF46,0,0,1,0
3D61534BAAF47,0,0,1,0
3D61534BAAF48,0,0,1,0
3D61534BAAF49,0,0,1,0
3D61534BAAF4A,0,0,1,0
3D61534BAAF4B,0,0,1,0
3D61534BAAF4C,0,0,1,0
3D61534BAAF4D,0,0,1,0
3D61534BAAF4F,0,0,1,0
3D61534BAAF50,0,0,1,0
3D61534BAAF51,0,0,1,0
3D61534BAAF52,0,0,1,0
3D61534BAAF53,0,0,1,0
3D61534BAAF54,0,0,1,0
3D61534BAAF55,0,0,1,0
3D61534BAAF56,0,0,1,0
3D61534BAAF57,0,0,1,0
3D61534BAAF58,0,0,1,0
3D61534BAAF59,0,0,1,0
3D61534BAAF5A,0,0,1,0
3D61534BAAF5B,0,0,1,0
3D61534BAAF5C,0,0,1,0
3D61534BAAF5D,0,0,1,0
3D61534BAAF5E,0,0,1,0
3D61534BAAF5F,0,0,1,0
3D61534BAAF60,0,0,1,0
3D61534BAAF61,0,0,1,0
3D61534BAAF62,0,0,1,0
3D61534BAAF63,0,0,1,0
3D61534BAAF64,0,0,1,0
3D61534BAAF65,0,0,1,0
3D61534BAAF66,0,0,1,0
3D61534BAAF67,0,0,1,0
3D61534BAAF68,0,0,1,0
3D61534BAAF69,0,0,1,0
3D61534BAAF6A,0,0,1,0
3D61534BAAF6B,0,0,1,0
3D61534BAAF6C,0,0,1,0
3D61534BAAF6D,0,0,1,0
3D61534BAAF6E,0,0,1,0
3D61534BAAF6F,0,0,1,0
3D61534BAAF70,0,0,1,0
3D61534BAAF71,0,0,1,0
3D61534BAAF72,0,0,1,0
3D61534BAAF73,0,0,1,0
3D61534BAAF74,0,0,1,0
3D61534BAAF75,0,0,1,0
3D61534BAAF76,0,0,1,0
3D61534BAAF77,0,0,1,0
3D61534BAAF78,0,0,1,0
3D61534BAAF79,0,0,1,0
3D61534BAAF7A,0,0,1,0
3D61534BAAF7B,0,0,1,0
3D61534BAAF7C,0,0,1,0
3D61534BAAF7D,0,0,1,0
3D61534BAAF7E,0,0,1,0
3D61534BAAF7F,0,0,1,0
3D61534BAAF80,0,0,1,0
3D61534BAAF81,0,0,1,0
3D61534BAAF82,0,0,1,0
3D61534BAAF83,0,0,1,0
3D61534BAAF84,0,0,1,0
3D61534BAAF85,0,0,1,0
3D61534BAAF86,0,0,1,0
3D61534BAAF87,0,0,1,0
3D61534BAAF88,0,0,1,0
3D61534BAAF89,0,0,1,0
3D61534BAAF8A,0,0,1,0
3D61534BAAF8B,0,0,1,0
3D61534BAAF8C,0,0,1,1
3D61534BAAF8D,0,0,1,0
3D61534BAAF8E,0,0,1,0
3D61534BAAF8F,0,0,1,0
3D61534BAAF90,0,0,1,0
3D61534BAAF91,0,0,1,0
3D61534BAAF92,0,0,1,0
3D61534BAAF93,0,0,1,0
3D61534BAAF94,0,0,1,0
3D61534BAAF95,0,0,1,0
3D61534BAAF96,0,0,1,0
3D61534BAAF97,0,0,1,0
3D61534BAAF98,0,0,1,0
3D61534BAAF99,0,0,1,0
3D61534BAAF9A,0,0,1,0
3D61534BAAF9B,0,0,1,0
3D61534BAAF9C,0,0,1,0
3D61534BAAF9D,0,0,1,0
3D61534BAAF9E,0,0,1,0
3D61534BAAF9F,0,0,1,0
3D61534BAAFA0,0,0,1,0
3D61534BAAFA1,0,0,1,0
3D61534BAAFA2,0,0,1,0
3D61534BAAFA3,0,0,1,0
3D61534BAAFA4,0,0,1,0
3D61534BAAFA5,0,0,1,0
3D61534BAAFA6,0,0,1,0
3D61534BAAFA7,0,0,1,0
3D61534BAAFA8,0,0,1,0
3D61534BAAFA9,0,0,1,0
3D61534BAAFAB,0,0,1,0
3D61534BAAFAC,0,0,1,0
3D61534BAAFAD,0,0,1,0
3D61534BAAFAE,0,0,1,0
3D61534BAAFAF,0,0,1,0
3D61534BAAFB0,0,0,1,0
3D61534BAAFB1,0,0,1,0
3D61534BAAFB2,0,0,1,0
3D61534BAAFB4,0,0,1,0
3D61534BAAFB5,0,0,1,0
3D61534BAAFB7,0,0,1,0
3D61534BAAFB8,0,0,1,0
3D61534BAAFB9,0,0,1,0
3D61534BAAFBA,0,0,1,0
3D61534BAAFBC,0,0,1,0
3D61534BAAFBE,0,0,1,0
3D61534BAAFBF,0,0,1,0
3D61534BAAFC0,0,0,1,0
3D61534BAAFC1,0,0,1,0
3D61534BAAFC2,0,0,1,0
3D61534BAAFC3,0,0,1,0
3D61534BAAFC5,0,0,1,0
3D61534BAAFC6,0,0,1,0
3D61534BAAFC7,0,0,1,0
3D61534BAAFC8,0,0,1,0
3D61534BAAFC9,0,0,1,0
3D61534BAAFCA,0,0,1,0
3D61534BAAFCB,0,0,1,0
3D61534BAAFCC,0,0,1,0
3D61534BAAFCD,0,0,1,0
3D61534BAAFCE,0,0,1,0
3D61534BAAFCF,0,0,1,0
3D61534BAAFD0,0,0,1,0
3D61534BAAFD1,0,0,1,0
3D61534BAAFD2,0,0,1,0
3D61534BAAFD4,0,0,1,0
3D61534BAAFD6,0,0,1,0
3D61534BAAFD7,0,0,1,0
3D61534BAAFD9,0,0,1,0
3D61534BAAFDA,0,0,1,0
3D61534BAAFDB,0,0,1,0
3D61534BAAFDD,0,0,1,0
3D61534BAAFDF,0,0,1,0
3D61534BAAFE0,0,0,1,0
3D61534BAAFE1,0,0,1,0
3D61534BAAFE2,0,0,1,0
3D61534BAAFE3,0,0,1,0
3D61534BAAFE4,0,0,1,0
3D61534BAAFE5,0,0,1,0
3D61534BAAFE6,0,0,1,0
3D61534BAAFE7,0,0,1,0
3D61534BAAFE8,0,0,1,0
3D61534BAAFE9,0,0,1,0
3D61534BAAFEB,0,0,1,0
3D61534BAAFEC,0,0,1,0
3D61534BAAFEE,0,0,1,0
3D61534BAAFEF,0,0,1,0
3D61534BAAFF0,0,0,1,0
3D61534BAAFF2,0,0,1,0
3D61534BAAFF5,0,0,1,0
3D61534BAAFF6,0,0,1,0
3D61534BAAFF7,0,0,1,0
3D61534BAAFF8,0,0,1,0
3D61534BAAFFA,0,0,1,0
3D61534BAAFFB,0,0,1,0
3D61534BAAFFC,0,0,1,0
3D61534BAAFFE,0,0,1,0
3D61534BAAFFF,0,0,1,0
3D61534BAB001,0,0,1,0
3D61534BAB002,0,0,1,0
3D61534BAB003,0,0,1,0
3D61534BAB004,0,0,1,0
3D61534BAB005,0,0,1,0
3D61534BAB006,0,0,1,0
3D61534BAB007,0,0,1,0
3D61534BAB008,0,0,1,0
3D61534BAB009,0,0,1,0
3D61534BAB00A,0,0,1,0
3D61534BAB00B,0,0,1,0
3D61534BAB00C,0,0,1,0
3D61534BAB00D,0,0,1,0
3D61534BAB00E,0,0,1,0
3D61534BAB010,0,0,1,0
3D61534BAB012,0,0,1,0
3D61534BAB014,0,0,1,0
3D61534BAB015,0,0,1,0
3D61534BAB016,0,0,1,0
3D61534BAB017,0,0,1,0
3D61534BAB019,0,0,1,0
3D61534BAB01A,0,0,1,0
3D61534BAB01B,0,0,1,0
3D61534BAB01C,0,0,1,0
3D61534BAB01D,0,0,1,0
3D61534BAB01F,0,0,1,0
3D61534BAB020,0,0,1,0
3D61534BAB021,0,0,1,0
3D61534BAB022,0,0,1,0
3D61534BAB023,0,0,1,0
3D61534BAB024,0,0,1,0
3D61534BAB025,0,0,1,0
3D61534BAB026,0,0,1,0
3D61534BAB027,0,0,1,0
3D61534BAB028,0,0,1,0
3D61534BAB029,0,0,1,0
3D61534BAB02A,0,0,1,0
3D61534BAB02B,0,0,1,0
3D61534BAB02C,0,0,1,0
3D61534BAB02D,0,0,1,0
3D61534BAB02E,0,0,1,0
3D61534BAB02F,0,0,1,0
3D61534BAB030,0,0,1,0
3D61534BAB031,0,0,1,0
3D61534BAB032,0,0,1,0
3D61534BAB033,0,0,1,0
3D61534BAB034,0,0,1,0
3D61534BAB035,0,0,1,0
3D61534BAB036,0,0,1,0
3D61534BAB037,0,0,1,0
3D61534BAB038,0,0,1,0
3D61534BAB039,0,0,1,0
3D61534BAB03A,0,0,1,0
3D61534BAB03B,0,0,1,1
3D61534BAB03C,0,0,1,0
3D61534BAB03D,0,0,1,0
3D61534BAB03E,0,0,1,0
3D61534BAB03F,0,0,1,0
3D61534BAB040,0,0,1,0
3D61534BAB041,0,0,1,0
3D61534BAB042,0,0,1,0
3D61534BAB043,0,0,1,0
3D61534BAB044,0,0,1,0
3D61534BAB045,0,0,1,0
3D61534BAB046,0,0,1,0
3D61534BAB047,0,0,1,0
3D61534BAB048,0,0,1,0
3D61534BAB049,0,0,1,0
3D61534BAB04A,0,0,1,0
3D61534BAB04B,0,0,1,0
3D61534BAB04C,0,0,1,0
3D61534BAB04D,0,0,1,0
3D61534BAB04E,0,0,1,0
3D61534BAB04F,0,0,1,0
3D61534BAB050,0,0,1,0
3D61534BAB051,0,0,1,0
3D61534BAB052,0,0,1,0
3D61534BAB053,0,0,1,0
3D61534BAB054,0,0,1,0
3D61534BAB055,0,0,1,0
3D61534BAB056,0,0,1,0
3D61534BAB057,0,0,1,0
3D61534BAB058,0,0,1,0
3D61534BAB059,0,0,1,0
3D61534BAB05A,0,0,1,0
3D61534BAB05B,0,0,1,0
3D61534BAB05C,0,0,1,0
3D61534BAB05D,0,0,1,0
3D61534BAB05E,0,0,1,0
3D61534BAB05F,0,0,1,0
3D61534BAB060,0,0,1,0
3D61534BAB061,0,0,1,0
3D61534BAB062,0,0,1,0
3D61534BAB063,0,0,1,0
3D61534BAB064,0,0,1,0
3D61534BAB065,0,0,1,0
3D61534BAB066,0,0,1,0
3D61534BAB067,0,0,1,0
3D61534BAB068,0,0,1,0
3D61534BAB069,0,0,1,0
3D61534BAB06A,0,0,1,0
3D61534BAB06B,0,0,1,0
3D61534BAB06C,0,0,1,0
3D61534BAB06D,0,0,1,0
3D61534BAB06E,0,0,1,0
3D61534BAB06F,0,0,1,0
3D61534BAB070,0,0,1,0
3D61534BAB071,0,0,1,0
3D61534BAB072,0,0,1,0
3D61534BAB073,0,0,1,0
3D61534BAB074,0,0,1,1
3D61534BAB075,0,0,1,0
3D61534BAB078,0,0,1,0
3D61534BAB07B,0,0,1,0
3D61534BAB07E,0,0,1,0
3D61534BAB07F,0,0,1,0
3D61534BAB086,0,0,1,0
3D61534BAB087,0,0,1,0
3D61534BAB088,0,0,1,0
3D61534BAB08C,0,0,1,0
3D61534BAB08D,0,0,1,0
3D61534BAB08E,0,0,1,0
3D61534BAB08F,0,0,1,0
3D61534BAB090,0,0,1,0
3D61534BAB091,0,0,1,0
3D61534BAB092,0,0,1,0
3D61534BAB093,0,0,1,0
3D61534BAB094,0,0,1,0
3D61534BAB095,0,0,1,0
3D61534BAB096,0,0,1,0
3D61534BAB097,0,0,1,0
3D61534BAB098,0,0,1,0
3D61534BAB099,0,0,1,0
3D61534BAB09A,0,0,1,0
3D61534BAB09D,0,0,1,0
3D61534BAB09F,0,0,1,0
3D61534BAB0A0,0,0,1,0
3D61534BAB0A1,0,0,1,0
3D61534BAB0A6,0,0,1,0
3D61534BAB0A7,0,0,1,0
3D61534BAB0A8,0,0,1,0
3D61534BAB0A9,0,0,1,0
3D61534BAB0AA,0,0,1,0
3D61534BAB0AB,0,0,1,0
3D61534BAB0AC,0,0,1,0
3D61534BAB0AD,0,0,1,0
3D61534BAB0AF,0,0,1,0
3D61534BAB0B0,0,0,1,0
3D61534BAB0B1,0,0,1,0
3D61534BAB0B2,0,0,1,0
3D61534BAB0B3,0,0,1,0
3D61534BAB0B4,0,0,1,0
3D61534BAB0B6,0,0,1,0
3D61534BAB0B8,0,0,1,0
3D61534BAB0B9,0,0,1,0
3D61534BAB0BB,0,0,1,0
3D61534BAB0BC,0,0,1,0
3D61534BAB0BD,0,0,1,0
3D61534BAB0BF,0,0,1,0
3D61534BAB0C0,0,0,1,0
3D61534BAB0C1,0,0,1,0
3D61534BAB0C2,0,0,1,0
3D61534BAB0C4,0,0,1,0
3D61534BAB0C5,0,0,1,0
3D61534BAB0C6,0,0,1,0
3D61534BAB0C8,0,0,1,0
3D61534BAB0C9,0,0,1,0
3D61534BAB0CA,0,0,1,0
3D61534BAB0CC,0,0,1,0
3D61534BAB0CD,0,0,1,0
3D61534BAB0CF,0,0,1,0
3D61534BAB0D1,0,0,1,0
3D61534BAB0D2,0,0,1,0
3D61534BAB0D3,0,0,1,0
3D61534BAB0D4,0,0,1,0
3D61534BAB0D6,0,0,1,0
3D61534BAB0D9,0,0,1,0
3D61534BAF815,0,0,0,1
3D61534BAF816,0,0,0,1
3D61534BAF817,0,0,0,1
3D61534BAF818,0,0,0,1
3D61534BAF819,0,0,0,1
3D61534BAF81A,0,0,0,1
3D61534BAF823,0,0,0,1
3D61534BAF825,0,0,0,1
3D61534BAF827,0,0,0,1
3D61534BAF82B,0,0,0,1
3D61534BAF82E,0,0,0,1
3D61534BAF82F,0,0,0,1
3D61534BAF831,0,0,0,1
3D61534BAF83D,0,0,0,1
3D61534BAF83E,0,0,0,1
3D61534BAF83F,0,0,0,1
3D61534BAF840,0,0,0,1
3D61534BAF841,0,0,0,1
3D61534BAF842,0,0,0,1
3D61534BAF846,0,0,0,1
3D61534BAF847,0,0,0,1
3D61534BAF848,0,0,0,1
3D61534BAF849,0,0,0,1
3D61534BAF84A,0,0,0,1
3D61534BAF84B,0,0,0,1
3D61534BAF84E,0,0,0,1
3D61534BAF84F,0,0,0,1
3D61534BAF852,0,0,0,1
3D61534BAF854,0,0,0,1
3D61534BAF857,0,0,0,1
3D61534BAF858,0,0,0,1
3D61534BAF85F,0,0,0,1
3D61534BAF861,0,0,0,1
3D61534BAF863,0,0,0,1
3D61534BAF866,0,0,0,1
3D61534BAF86A,0,0,0,1
3D61534BAF86F,0,0,0,1
3D61534BAF870,0,0,0,1
3D61534BAF871,0,0,0,1
3D61534BAF872,0,0,0,1
3D61534BAF873,0,0,0,1
3D61534BAF876,0,0,0,1
3D61534BAF878,0,0,1,0
3D61534BAF879,0,0,1,0
3D61534BAF87A,0,0,1,0
3D61534BAF87B,0,0,1,0
3D61534BAF87C,0,0,1,0
3D61534BAF87D,0,0,1,0
3D61534BAF87E,0,0,1,0
3D61534BAF87F,0,0,1,0
3D61534BAF880,0,0,1,0
3D61534BAF881,0,0,1,0
3D61534BAF882,0,0,1,0
3D61534BAF883,0,0,1,0
3D61534BAF884,0,0,1,0
3D61534BAF886,0,0,1,0
3D61534BAF887,0,0,1,0
3D61534BAF888,0,0,1,0
3D61534BAF889,0,0,1,0
3D61534BAF88A,0,0,1,0
3D61534BAF88B,0,0,1,0
3D61534BAF88C,0,0,1,0
3D61534BAF88D,0,0,1,0
3D61534BAF88E,0,0,1,0
3D61534BAF88F,0,0,1,0
3D61534BAF890,0,0,1,0
3D61534BAF891,0,0,1,0
3D61534BAF892,0,0,1,0
3D61534BAF893,0,0,1,0
3D61534BAF894,0,0,1,0
3D61534BAF895,0,0,1,0
3D61534BAF896,0,0,1,0
3D61534BAF897,0,0,1,0
3D61534BAF899,0,0,1,0
3D61534BAF89A,0,0,1,0
3D61534BAF89B,0,0,1,0
3D61534BAF89C,0,0,1,0
3D61534BAF89D,0,0,1,0
3D61534BAF89E,0,0,1,0
3D61534BAF89F,0,0,1,0
3D61534BAF8A0,0,0,1,0
3D61534BAF8A1,0,0,1,0
3D61534BAF8A2,0,0,1,0
3D61534BAF8A3,0,0,1,0
3D61534BAF8A4,0,0,1,0
3D61534BAF8A5,0,0,1,0
3D61534BAF8A7,0,0,1,0
3D61534BAF8A8,0,0,1,0
3D61534BAF8A9,0,0,1,0
3D61534BAF8AA,0,0,1,0
3D61534BAF8AB,0,0,1,0
3D61534BAF8AC,0,0,1,0
3D61534BAF8AD,0,0,1,0
3D61534BAF8AE,0,0,1,0
3D61534BAF8AF,0,0,1,0
3D61534BAF8B0,0,0,1,0
3D61534BAF8B1,0,0,1,0
3D61534BAF8B2,0,0,1,0
3D61534BAF8B3,0,0,1,0
3D61534BAF8B4,0,0,1,0
3D61534BAF8B5,0,0,1,0
3D61534BAF8B6,0,0,1,0
3D61534BAF8B7,0,0,1,0
3D61534BAF8B8,0,0,1,0
3D61534BAF8B9,0,0,1,0
3D61534BAF8BA,0,0,1,0
3D61534BAF8BB,0,0,1,0
3D61534BAF8BC,0,0,1,0
3D61534BAF8BD,0,0,1,0
3D61534BAF8BE,0,0,1,0
3D61534BAF8BF,0,0,1,0
3D61534BAF8C0,0,0,1,0
3D61534BAF8C1,0,0,1,0
3D61534BAF8C2,0,0,1,0
3D61534BAF8C3,0,0,1,0
3D61534BAF8C4,0,0,1,0
3D61534BAF8C5,0,0,1,0
3D61534BAF8C6,0,0,1,0
3D61534BAF8C7,0,0,1,0
3D61534BAF8C8,0,0,1,0
3D61534BAF8C9,0,0,1,0
3D61534BAF8CA,0,0,1,0
3D61534BAF8CB,0,0,1,0
3D61534BAF8CC,0,0,1,1
3D61534BAF8CD,0,0,1,0
3D61534BAF8CE,0,0,1,0
3D61534BAF8CF,0,0,1,0
3D61534BAF8D0,0,0,1,0
3D61534BAF8D1,0,0,1,0
3D61534BAF8D2,0,0,1,0
3D61534BAF8D3,0,0,1,0
3D61534BAF8D4,0,0,1,0
3D61534BAF8D5,0,0,1,0
3D61534BAF8D7,0,0,1,0
3D61534BAF8D8,0,0,1,0
3D61534BAF8D9,0,0,1,0
3D61534BAF8DA,0,0,1,0
3D61534BAF8DB,0,0,1,0
3D61534BAF8DC,0,0,1,0
3D61534BAF8DD,0,0,1,0
3D61534BAF8DE,0,0,1,0
3D61534BAF8DF,0,0,1,0
3D61534BAF8E0,0,0,1,0
3D61534BAF8E1,0,0,1,0
3D61534BAF8E2,0,0,1,0
3D61534BAF8E3,0,0,1,1
3D61534BAF8E4,0,0,0,1
3D61534BAF8E5,0,0,1,0
3D61534BAF8E6,0,0,1,0
3D61534BAF8E7,0,0,1,0
3D61534BAF8E8,0,0,0,1
3D61534BAF8E9,0,0,1,0
3D61534BAF8EA,0,0,1,0
3D61534BAF8EB,0,0,1,0
3D61534BAF8EC,0,0,1,0
3D61534BAF8ED,0,0,1,0
3D61534BAF8EE,0,0,0,1
3D61534BAF8EF,0,0,0,1
3D61534BAF8F0,0,0,1,0
3D61534BAF8F1,0,0,0,1
3D61534BAF8F2,0,0,0,1
3D61534BAF8F3,0,0,0,1
3D61534BAF8F4,0,0,1,0
3D61534BAF8F5,0,0,1,0
3D61534BAF8F6,0,0,1,0
3D61534BAF8F8,0,0,1,0
3D61534BAF8F9,0,0,1,0
3D61534BAF8FA,0,0,1,0
3D61534BAF8FB,0,0,1,0
3D61534BAF8FC,0,0,1,0
3D61534BAF8FD,0,0,1,0
3D61534BAF8FE,0,0,1,0
3D61534BAF8FF,0,0,0,1
3D61534BAF900,0,0,0,1
3D61534BAF901,0,0,1,0
3D61534BAF902,0,0,0,1
3D61534BAF903,0,0,1,0
3D61534BAF904,0,0,1,0
3D61534BAF905,0,0,1,0
3D61534BAF906,0,0,1,0
3D61534BAF908,0,0,1,0
3D61534BAF909,0,0,1,0
3D61534BAF90A,0,0,1,0
3D61534BAF90B,0,0,0,1
3D61534BAF90C,0,0,1,0
3D61534BAF90D,0,0,1,0
3D61534BAF90E,0,0,1,0
3D61534BAF90F,0,0,1,0
3D61534BAF910,0,0,1,0
3D61534BAF911,0,0,1,0
3D61534BAF912,0,0,1,0
3D61534BAF913,0,0,0,1
3D61534BAF914,0,0,1,0
3D61534BAF915,0,0,1,0
3D61534BAF916,0,0,1,1
3D61534BAF917,0,0,1,0
3D61534BAF918,0,0,1,0
3D61534BAF919,0,0,1,0
3D61534BAF91A,0,0,0,1
3D61534BAF91B,0,0,1,0
3D61534BAF91C,0,0,0,1
3D61534BAF91D,0,0,0,1
3D61534BAF91E,0,0,1,0
3D61534BAF91F,0,0,1,0
3D61534BAF920,0,0,1,0
3D61534BAF921,0,0,1,0
3D61534BAF922,0,0,1,0
3D61534BAF923,0,0,0,1
3D61534BAF924,0,0,0,1
3D61534BAF925,0,0,1,0
3D61534BAF926,0,0,1,0
3D61534BAF927,0,0,1,0
3D61534BAF928,0,0,1,0
3D61534BAF929,0,0,1,0
3D61534BAF92A,0,0,1,0
3D61534BAF92B,0,0,1,0
3D61534BAF92C,0,0,1,0
3D61534BAF92D,0,0,1,0
3D61534BAF92E,0,0,0,1
3D61534BAF92F,0,0,0,1
3D61534BAF930,0,0,1,0
3D61534BAF931,0,0,0,1
3D61534BAF932,0,0,1,0
3D61534BAF933,0,0,0,1
3D61534BAF934,0,0,1,0
3D61534BAF935,0,0,1,0
3D61534BAF936,0,0,1,0
3D61534BAF937,0,0,0,1
3D61534BAF938,0,0,1,0
3D61534BAF939,0,0,0,1
3D61534BAF93B,0,0,1,0
3D61534BAF93C,0,0,1,0
3D61534BAF93D,0,0,1,0
3D61534BAF93E,0,0,1,0
3D61534BAF93F,0,0,1,0
3D61534BAF940,0,0,0,1
3D61534BAF941,0,0,0,1
3D61534BAF942,0,0,0,1
3D61534BAF943,0,0,0,1
3D61534BAF944,0,0,0,1
3D61534BAF945,0,0,0,1
3D61534BAF946,0,0,0,1
3D61534BAF947,0,0,0,1
3D61534BAF948,0,0,0,1
3D61534BAF949,0,0,0,1
3D61534BAF94A,0,0,0,1
3D61534BAF94D,0,0,0,1
3D61534BAF94E,0,0,0,1
3D61534BAF94F,0,0,0,1
3D61534BAF950,0,0,0,1
3D61534BAF951,0,0,0,1
3D61534BAF952,0,0,0,1
3D61534BAF953,0,0,0,1
3D61534BAF954,0,0,0,1
3D61534BAF955,0,0,0,1
3D61534BAF956,0,0,0,1
3D61534BAF957,0,0,0,1
3D61534BAF958,0,0,0,1
3D61534BAF959,0,0,0,1
3D61534BAF95A,0,0,0,1
3D61534BAF95B,0,0,0,1
3D61534BAF95C,0,0,0,1
3D61534BAF95D,0,0,0,1
3D61534BAF960,0,0,0,1
3D61534BAF961,0,0,0,1
3D61534BAF962,0,0,0,1
3D61534BAF963,0,0,0,1
3D61534BAF964,0,0,0,1
3D61534BAF965,0,0,0,1
3D61534BAF966,0,0,0,1
3D61534BAF967,0,0,0,1
3D61534BAF968,0,0,0,1
3D61534BAF969,0,0,0,1
3D61534BAF96A,0,0,0,1
3D61534BAF96B,0,0,0,1
3D61534BAF96C,0,0,0,1
3D61534BAF96D,0,0,0,1
3D61534BAF96E,0,0,0,1
3D61534BAF96F,0,0,0,1
3D61534BAF970,0,0,0,1
3D61534BAF971,0,0,0,1
3D61534BAF973,0,0,0,1
3D61534BAF974,0,0,0,1
3D61534BAF975,0,0,0,1
3D61534BAF976,0,0,0,1
3D61534BAF977,0,0,0,1
3D61534BAF978,0,0,0,1
3D61534BAF979,0,0,0,1
3D61534BAF97A,0,0,0,1
3D61534BAF97B,0,0,0,1
3D61534BAF97C,0,0,0,1
3D61534BAF97D,0,0,0,1
3D61534BAF97E,0,0,0,1
3D61534BAF97F,0,0,0,1
3D61534BAF980,0,0,0,1
3D61534BAF981,0,0,0,1
3D61534BAF982,0,0,0,1
3D61534BAF983,0,0,0,1
3D61534BAF984,0,0,0,1
3D61534BAF986,0,0,0,1
3D61534BAF987,0,0,0,1
3D61534BAF988,0,0,0,1
3D61534BAF989,0,0,0,1
3D61534BAF98A,0,0,0,1
3D61534BAF98B,0,0,0,1
3D61534BAF98C,0,0,0,1
3D61534BAF98D,0,0,0,1
3D61534BAF98E,0,0,0,1
3D61534BAF990,0,0,0,1
3D61534BAF992,0,0,0,1
3D61534BAF994,0,0,0,1
3D61534BAF995,0,0,0,1
3D61534BAF996,0,0,0,1
3D61534BAF998,0,0,0,1
3D61534BAF999,0,0,0,1
3D61534BAF99A,0,0,0,1
3D61534BAF99B,0,0,0,1
3D61534BAF99C,0,0,0,1
3D61534BAF99D,0,0,0,1
3D61534BAF99E,0,0,0,1
3D61534BAF99F,0,0,0,1
3D61534BAF9A0,0,0,0,1
3D61534BAF9A1,0,0,0,1
3D61534BAF9A2,0,0,0,1
3D61534BAF9A3,0,0,0,1
3D61534BAF9A4,0,0,1,0
3D61534BAF9A5,0,0,0,1
3D61534BAF9A6,0,0,1,0
3D61534BAF9A7,0,0,1,0
3D61534BAF9A8,0,0,0,1
3D61534BAF9A9,0,0,1,0
3D61534BAF9AA,0,0,0,1
3D61534BAF9AB,0,0,1,0
3D61534BAF9AC,0,0,1,0
3D61534BAF9AD,0,0,1,0
3D61534BAF9AE,0,0,1,0
3D61534BAF9AF,0,0,0,1
3D61534BAF9B0,0,0,0,1
3D61534BAF9B1,0,0,0,1
3D61534BAF9B2,0,0,1,0
3D61534BAF9B3,0,0,1,0
3D61534BAF9B4,0,0,0,1
3D61534BAF9B5,0,0,1,0
3D61534BAF9B6,0,0,1,0
3D61534BAF9B7,0,0,0,1
3D61534BAF9B8,0,0,0,1
3D61534BAF9B9,0,0,1,0
3D61534BAF9BA,0,0,1,0
3D61534BAF9BB,0,0,0,1
3D61534BAF9BC,0,0,0,1
3D61534BAF9BD,0,0,0,1
3D61534BAF9BE,0,0,1,0
3D61534BAF9BF,0,0,1,0
3D61534BAF9C0,0,0,1,0
3D61534BAF9C1,0,0,1,0
3D61534BAF9C2,0,0,1,0
3D61534BAF9C3,0,0,1,0
3D61534BAF9C4,0,0,0,1
3D61534BAF9C5,0,0,1,0
3D61534BAF9C6,0,0,1,0
3D61534BAF9C7,0,0,0,1
3D61534BAF9C8,0,0,1,0
3D61534BAF9C9,0,0,1,0
3D61534BAF9CA,0,0,1,1
3D61534BAF9CB,0,0,1,0
3D61534BAF9CC,0,0,1,0
3D61534BAF9CD,0,0,0,1
3D61534BAF9CE,0,0,0,1
3D61534BAF9CF,0,0,1,0
3D61534BAF9D0,0,0,0,1
3D61534BAF9D1,0,0,1,0
3D61534BAF9D2,0,0,0,1
3D61534BAF9D3,0,0,1,0
3D61534BAF9D4,0,0,1,0
3D61534BAF9D5,0,0,1,0
3D61534BAF9D6,0,0,1,0
3D61534BAF9D7,0,0,1,0
3D61534BAF9D8,0,0,0,1
3D61534BAF9D9,0,0,1,0
3D61534BAF9DA,0,0,0,1
3D61534BAF9DB,0,0,0,1
3D61534BAF9DC,0,0,1,0
3D61534BAF9DD,0,0,0,1
3D61534BAF9DE,0,0,0,1
3D61534BAF9DF,0,0,1,0
3D61534BAF9E0,0,0,0,1
3D61534BAF9E1,0,0,0,1
3D61534BAF9E2,0,0,1,0
3D61534BAF9E3,0,0,1,0
3D61534BAF9E4,0,0,0,1
3D61534BAF9E5,0,0,0,1
3D61534BAF9E6,0,0,1,0
3D61534BAF9E7,0,0,0,1
3D61534BAF9E8,0,0,0,1
3D61534BAF9E9,0,0,1,0
3D61534BAF9EA,0,0,0,1
3D61534BAF9EB,0,0,1,0
3D61534BAF9EC,0,0,1,0
3D61534BAF9ED,0,0,0,1
3D61534BAF9EE,0,0,0,1
3D61534BAF9EF,0,0,1,0
3D61534BAF9F0,0,0,0,1
3D61534BAF9F1,0,0,0,1
3D61534BAF9F2,0,0,0,1
3D61534BAF9F3,0,0,0,1
3D61534BAF9F4,0,0,1,0
3D61534BAF9F5,0,0,1,0
3D61534BAF9F6,0,0,0,1
3D61534BAF9F7,0,0,0,1
3D61534BAF9F8,0,0,1,0
3D61534BAF9F9,0,0,1,0
3D61534BAF9FA,0,0,1,0
3D61534BAF9FB,0,0,0,1
3D61534BAF9FC,0,0,1,0
3D61534BAF9FD,0,0,0,1
3D61534BAF9FE,0,0,1,0
3D61534BAF9FF,0,0,0,1
3D61534BAFA00,0,0,1,0
3D61534BAFA01,0,0,0,1
3D61534BAFA02,0,0,1,0
3D61534BAFA03,0,0,1,0
3D61534BAFA04,0,0,0,1
3D61534BAFA05,0,0,1,0
3D61534BAFA06,0,0,0,1
3D61534BAFA07,0,0,1,0
3D61534C51890,0,0,0,1
3D61534C51891,0,0,0,1
3D61534C51892,0,0,0,1
3D61534C51893,0,0,0,1
3D61534C51894,0,0,0,1
3D61534C51895,0,0,0,1
3D61534C51896,0,0,0,1
3D61534C51897,0,0,0,1
3D61534C51898,0,0,0,1
3D61534C51899,0,0,0,1
3D61534C5189A,0,0,0,1
3D61534C5189B,0,0,0,1
3D61534C5189C,0,0,0,1
3D61534C5189D,0,0,0,1
3D61534C5189E,0,0,0,1
3D61534C5189F,0,0,0,1
3D61534C518A0,0,0,0,1
3D61534C518A1,0,0,0,1
3D61534C518A2,0,0,0,1
3D61534C518A3,0,0,0,1
3D61534C518A4,0,0,0,1
3D61534C518A5,0,0,0,1
3D61534C518A6,0,0,0,1
3D61534C518A7,0,0,0,1
3D61534C518A8,0,0,0,1
3D61534C518A9,0,0,0,1
3D61534C518AA,0,0,0,1
3D61534C518AB,0,0,0,1
3D61534C518AC,0,0,0,1
3D61534C518AD,0,0,0,1
3D61534C518AE,0,0,0,1
3D61534C518AF,0,0,0,1
3D61534C518B0,0,0,0,1
3D61534C518B1,0,0,0,1
3D61534C518B2,0,0,0,1
3D61534C518B3,0,0,0,1
3D61534C518B4,0,0,0,1
3D61534C518B5,0,0,0,1
3D61534C518B6,0,0,0,1
3D61534C518B7,0,0,0,1
3D61534C518B8,0,0,0,1
3D61534C518B9,0,0,0,1
3D61534C518BA,0,0,0,1
3D61534C518BB,0,0,0,1
3D61534C518BC,0,0,0,1
3D61534C518BD,0,0,0,1
3D61534C518BE,0,0,0,1
3D61534C518BF,0,0,0,1
3D61534C518C0,0,0,0,1
3D61534C518C1,0,0,0,1
3D61534C518C2,0,0,0,1
3D61534C518C3,0,0,0,1
3D61534C518C4,0,0,0,1
3D61534C518C5,0,0,0,1
3D61534C518C6,0,0,0,1
3D61534C518C7,0,0,0,1
3D61534C518C8,0,0,0,1
3D61534C518C9,0,0,0,1
3D61534C518CA,0,0,0,1
3D61534C518CB,0,0,0,1
3D61534C518CC,0,0,0,1
3D61534C518CD,0,0,0,1
3D61534C518CE,0,0,0,1
3D61534C518CF,0,0,0,1
3D61534C518D0,0,0,0,1
3D61534C518D1,0,0,0,1
3D61534C518D2,0,0,0,1
3D61534C518D3,0,0,0,1
3D61534C518D4,0,0,0,1
3D61534C518D5,0,0,0,1
3D61534C518D6,0,0,0,1
3D61534C518D7,0,0,0,1
3D61534C518D8,0,0,0,1
3D61534C518D9,0,0,0,1
3D61534C518DB,0,0,0,1
3D61534C518DC,0,0,0,1
3D61534C518DD,0,0,0,1
3D61534C518DE,0,0,0,1
3D61534C518DF,0,0,0,1
3D61534C518E0,0,0,0,1
3D61534C518E1,0,0,0,1
3D61534C518E2,0,0,0,1
3D61534C518E3,0,0,0,1
3D61534C518E4,0,0,0,1
3D61534C518E5,0,0,0,1
3D61534C518E6,0,0,0,1
3D61534C518E7,0,0,0,1
3D61534C518E8,0,0,0,1
3D61534C518E9,0,0,0,1
3D61534C518EA,0,0,0,1
3D61534C518EB,0,0,0,1
3D61534C518EC,0,0,0,1
3D61534C518ED,0,0,0,1
3D61534C518EE,0,0,0,1
3D61534C51A7F,0,0,0,1
3D61534C51A80,0,0,0,1
3D61534C51A81,0,0,0,1
3D61534C51A82,0,0,0,1
3D61534C51A83,0,0,0,1
3D61534C51A85,0,0,0,1
3D61534C51A86,0,0,0,1
3D61534C51A87,0,0,0,1
3D61534C51A88,0,0,0,1
3D61534C51A89,0,0,0,1
3D61534C51A8A,0,0,0,1
3D61534C51A8B,0,0,0,1
3D61534C51A8D,0,0,0,1
3D61534C51A8E,0,0,0,1
3D61534C51A8F,0,0,0,1
3D61534C51A90,0,0,0,1
3D61534C51A91,0,0,0,1
3D61534C51A92,0,0,0,1
3D61534C51A93,0,0,0,1
3D61534C51A94,0,0,0,1
3D61534C51A95,0,0,0,1
3D61534C51A96,0,0,0,1
3D61534C51A97,0,0,0,1
3D61534C51A98,0,0,0,1
3D61534C51A99,0,0,0,1
3D61534C51A9A,0,0,0,1
3D61534C51A9B,0,0,0,1
3D61534C51A9C,0,0,0,1
3D61534C51A9D,0,0,0,1
3D61534C51A9E,0,0,0,1
3D61534C51A9F,0,0,0,1
3D61534C51AA0,0,0,0,1
3D61534C51AA1,0,0,0,1
3D61534C51AA2,0,0,0,1
3D61534C51AA3,0,0,0,1
3D61534C51AA4,0,0,0,1
3D61534C51AA5,0,0,0,1
3D61534C51AA6,0,0,0,1
3D61534C51AA7,0,0,0,1
3D61534C51AA8,0,0,0,1
3D61534C51AA9,0,0,0,1
3D61534C51AAA,0,0,0,1
3D61534C51AAB,0,0,0,1
3D61534C51AAC,0,0,0,1
3D61534C51AAD,0,0,0,1
3D61534C51AAE,0,0,0,1
3D61534C51AAF,0,0,0,1
3D61534C51AB0,0,0,0,1
3D61534C51AB1,0,0,0,1
3D61534C51AB2,0,0,0,1
3D61534C51AB3,0,0,0,1
3D61534C51AB4,0,0,0,1
3D61534C51AB5,0,0,0,1
3D61534C51AB6,0,0,0,1
3D61534C51AB7,0,0,0,1
3D61534C51AB8,0,0,0,1
3D61534C51AB9,0,0,0,1
3D61534C51ABA,0,0,0,1
3D61534C51ABB,0,0,0,1
3D61534C51ABC,0,0,0,1
3D61534C51ABD,0,0,0,1
3D61534C51ABE,0,0,0,1
3D61534C51ABF,0,0,0,1
3D61534C51AC1,0,0,0,1
3D61534C51AC2,0,0,0,1
3D61534C51AC3,0,0,0,1
3D61534C51AC4,0,0,0,1
3D61534C51AC5,0,0,0,1
3D61534C51AC6,0,0,0,1
3D61534C51AC8,0,0,0,1
3D61534C51AC9,0,0,0,1
3D61534C51ACA,0,0,0,1
3D61534C51ACB,0,0,0,1
3D61534C51ACC,0,0,0,1
3D61534C51ACD,0,0,0,1
3D61534C51ACF,0,0,0,1
3D61534C51AD0,0,0,0,1
3D61534C51AD1,0,0,0,1
3D61534C51AD2,0,0,0,1
3D61534C51AD3,0,0,0,1
3D61534C51AD4,0,0,0,1
3D61534C51AD5,0,0,0,1
3D61534C51AD6,0,0,0,1
3D61534C51AD7,0,0,0,1
3D61534C51AD8,0,0,0,1
3D61534C51AD9,0,0,0,1
3D61534C51ADA,0,0,0,1
3D61534C51ADB,0,0,0,1
3D61534C51ADC,0,0,0,1
3D61534C51ADD,0,0,0,1
3D61534C51ADE,0,0,0,1
3D61534C51ADF,0,0,0,1
3D61534C51AE0,0,0,0,1
3D61534C51AE1,0,0,0,1
3D61534C51AE3,0,0,0,1
3D61534C51AE4,0,0,0,1
3D61534C51AE5,0,0,0,1
3D61534C51AE6,0,0,0,1
3D61534C51AE7,0,0,0,1
3D61D599B3E2A,0,0,1,0
3DD003BC9A9A6,0,0,1,0
3DD003BF85874,1,0,0,0
3DD003BF85885,0,0,0,1
3DD003BF8588C,1,0,0,0
3DD003BF85890,0,0,1,0
3DD003BF858BA,1,0,0,0
3DD003BF8597B,0,0,1,0
3DD0077BF86CA,0,0,1,0
